Date,Bull-Bear Spread,Close,SMA Signal,SMA1,SMA40,Sell Signals,Buy/Sell SMA,Buy Signals
11/6/1987,0.25,250.41,0,250.41,,0,0,0
11/13/1987,0.03,245.64,0,245.64,,0,0,0
11/20/1987,0.2,242,0,242,,0,0,0
11/27/1987,0,240.34,0,240.34,,0,0,0
12/4/1987,-0.17,223.92,0,223.92,,0,0,0
12/11/1987,-0.09,235.32,0,235.32,,0,0,0
12/18/1987,0.06,249.16,0,249.16,,0,0,0
12/24/1987,0.08,252.02,0,252.02,,0,0,0
12/31/1987,-0.01,247.08,0,247.08,,0,0,0
1/8/1988,0.14,243.4,0,243.4,,0,0,0
1/15/1988,0.08,252.05,0,252.05,,0,0,0
1/22/1988,-0.1,246.5,0,246.5,,0,0,0
1/29/1988,-0.03,257.07,0,257.07,,0,0,0
2/5/1988,0.17,250.96,0,250.96,,0,0,0
2/12/1988,0.1,257.63,0,257.63,,0,0,0
2/19/1988,0.03,261.61,0,261.61,,0,0,0
2/26/1988,0.11,262.46,0,262.46,,0,0,0
3/4/1988,0.16,267.3,0,267.3,,0,0,0
3/11/1988,0.26,264.94,0,264.94,,0,0,0
3/18/1988,0.31,271.12,0,271.12,,0,0,0
3/25/1988,0.28,258.51,0,258.51,,0,0,0
4/1/1988,0.15,258.89,0,258.89,,0,0,0
4/8/1988,0.14,269.43,0,269.43,,0,0,0
4/15/1988,-0.01,259.77,0,259.77,,0,0,0
4/22/1988,0.03,260.14,0,260.14,,0,0,0
4/29/1988,-0.08,261.33,0,261.33,,0,0,0
5/6/1988,0.18,257.48,0,257.48,,0,0,0
5/13/1988,-0.06,256.78,0,256.78,,0,0,0
5/20/1988,-0.02,253.02,0,253.02,,0,0,0
5/27/1988,0.08,253.42,0,253.42,,0,0,0
6/3/1988,0.14,266.45,0,266.45,,0,0,0
6/10/1988,0.05,271.26,0,271.26,,0,0,0
6/17/1988,0.08,270.68,0,270.68,,0,0,0
6/24/1988,0.1,273.78,0,273.78,,0,0,0
7/1/1988,0.28,271.78,0,271.78,,0,0,0
7/8/1988,0.2,270.02,0,270.02,,0,0,0
7/15/1988,-0.11,272.05,0,272.05,,0,0,0
7/22/1988,-0.1,263.5,0,263.5,,0,0,0
7/29/1988,0,272.02,0,272.02,,0,0,0
8/5/1988,-0.09,271.15,0,271.15,257.80975,0,0,0
8/12/1988,0,262.55,0,262.55,258.11325,0,0,0
8/19/1988,-0.09,260.24,0,260.24,258.47825,0,0,0
8/26/1988,-0.04,259.68,0,259.68,258.92025,0,0,0
9/2/1988,-0.21,264.48,0,264.48,259.52375,0,0,0
9/9/1988,-0.14,266.84,0,266.84,260.59675,0,0,0
9/16/1988,-0.06,270.65,0,270.65,261.48,0,0,0
9/23/1988,-0.07,269.76,0,269.76,261.995,0,0,0
9/30/1988,-0.04,271.91,0,271.91,262.49225,0,0,0
10/7/1988,-0.25,278.07,0,278.07,263.267,0,1,1
10/14/1988,-0.1,275.5,0,275.5,264.0695,0,0,0
10/21/1988,0.03,283.66,0,283.66,264.85975,0,0,0
10/28/1988,0.18,278.53,0,278.53,265.6605,0,0,0
11/4/1988,0.16,276.31,0,276.31,266.1415,0,0,0
11/11/1988,0.02,267.92,0,267.92,266.5655,0,0,0
11/18/1988,-0.06,266.47,0,266.47,266.7865,0,0,0
11/25/1988,-0.22,267.23,0,267.23,266.927,0,0,0
12/2/1988,-0.15,271.81,0,271.81,267.16075,0,0,0
12/9/1988,-0.22,277.03,0,277.03,267.404,0,0,0
12/16/1988,0.02,276.29,0,276.29,267.68775,0,0,0
12/23/1988,-0.1,277.87,0,277.87,267.8565,0,0,0
12/30/1988,0.02,277.72,0,277.72,268.33675,0,0,0
1/6/1989,0.03,280.67,0,280.67,268.88125,0,0,0
1/13/1989,0.16,283.87,0,283.87,269.24225,0,0,0
1/20/1989,0.19,286.63,0,286.63,269.91375,0,0,0
1/27/1989,0.13,293.82,0,293.82,270.75575,0,0,0
2/3/1989,0.1,296.97,0,296.97,271.64675,0,0,0
2/10/1989,0.17,292.02,0,292.02,272.51025,0,0,0
2/17/1989,0.25,296.76,0,296.76,273.50975,0,0,0
2/24/1989,0.03,287.13,0,287.13,274.3625,0,0,0
3/3/1989,-0.07,291.18,0,291.18,275.3065,0,0,0
3/10/1989,-0.22,292.88,0,292.88,275.96725,0,0,0
3/17/1989,-0.01,292.69,0,292.69,276.503,0,0,0
3/23/1989,-0.01,288.98,0,288.98,276.9605,0,0,0
3/31/1989,-0.22,294.87,0,294.87,277.48775,0,0,0
4/7/1989,-0.09,297.16,0,297.16,278.12225,0,0,0
4/14/1989,-0.08,301.36,0,301.36,278.90575,0,0,0
4/21/1989,-0.07,309.61,0,309.61,279.84475,0,0,0
4/28/1989,0.02,309.64,0,309.64,280.99825,0,0,0
5/5/1989,0,307.61,0,307.61,281.888,0,0,0
5/12/1989,0.19,313.84,0,313.84,282.95525,0,0,0
5/19/1989,0.24,321.24,0,321.24,284.4225,0,0,0
5/26/1989,0.27,321.59,0,321.59,285.95625,0,0,0
6/2/1989,0.11,325.52,0,325.52,287.60225,0,0,0
6/9/1989,0.2,326.69,0,326.69,289.1575,0,0,0
6/16/1989,0.01,321.35,0,321.35,290.52025,0,0,0
6/23/1989,-0.12,328,0,328,291.954,0,0,0
6/30/1989,0.14,317.98,0,317.98,293.1595,0,0,0
7/7/1989,0.06,324.91,0,324.91,294.4845,0,0,0
7/14/1989,-0.26,331.84,0,331.84,295.82875,0,0,1
7/21/1989,0.03,335.9,0,335.9,297.33875,0,0,0
7/28/1989,0.07,342.15,0,342.15,298.801,0,0,0
8/4/1989,0,343.92,0,343.92,300.43575,0,0,0
8/11/1989,0.27,344.74,0,344.74,302.1465,0,0,0
8/18/1989,-0.02,346.03,0,346.03,304.09925,0,0,0
8/25/1989,0.14,350.52,0,350.52,306.2005,0,0,0
9/1/1989,-0.02,353.73,0,353.73,308.363,0,0,0
9/8/1989,-0.1,348.76,0,348.76,310.28675,0,0,0
9/15/1989,0.06,345.06,0,345.06,311.9875,0,0,0
9/22/1989,-0.15,347.05,0,347.05,313.7565,0,0,0
9/29/1989,0.04,349.15,0,349.15,315.5385,0,0,0
10/6/1989,-0.09,358.78,0,358.78,317.565,0,0,0
10/13/1989,0.08,333.65,0,333.65,318.8895,0,0,0
10/20/1989,0.06,347.16,0,347.16,320.47175,0,0,0
10/27/1989,0.05,335.06,0,335.06,321.6825,0,0,0
11/3/1989,0.05,337.62,0,337.62,322.7775,0,0,0
11/10/1989,-0.09,339.1,0,339.1,323.83075,0,0,0
11/17/1989,-0.24,341.61,0,341.61,325.0705,0,0,0
11/22/1989,-0.06,343.97,0,343.97,326.25075,0,0,0
12/1/1989,-0.04,350.63,0,350.63,327.83825,0,0,0
12/8/1989,0.03,348.69,0,348.69,329.276,0,0,0
12/15/1989,0.14,350.14,0,350.14,330.7075,0,0,0
12/22/1989,0.04,347.42,0,347.42,332.07575,0,0,0
12/29/1989,0.01,353.4,0,353.4,333.68625,0,0,0
1/5/1990,0.1,352.2,0,352.2,335.1195,0,0,0
1/12/1990,0.28,339.93,0,339.93,336.18875,0,0,0
1/19/1990,0.11,339.15,0,339.15,337.1335,0,0,0
1/26/1990,-0.14,325.8,0,325.8,337.53825,0,0,0
2/2/1990,-0.33,330.92,0,330.92,338.07025,0,0,1
2/9/1990,-0.32,333.62,0,333.62,338.7205,0,0,1
2/16/1990,-0.11,332.72,0,332.72,339.1925,0,0,0
2/23/1990,-0.14,324.15,0,324.15,339.26525,0,0,0
3/2/1990,-0.21,335.54,0,335.54,339.614,0,0,0
3/9/1990,-0.14,337.93,0,337.93,339.92425,0,0,0
3/16/1990,-0.15,341.91,0,341.91,340.30475,0,0,0
3/23/1990,0.13,337.22,0,337.22,340.7015,0,0,0
3/30/1990,0.03,339.94,0,339.94,341,0,0,0
4/6/1990,0.13,340.08,0,340.08,341.5525,0,0,0
4/12/1990,0.1,344.34,0,344.34,342.03825,0,0,0
4/20/1990,0.11,335.12,0,335.12,342.12025,0,0,0
4/27/1990,-0.09,329.11,0,329.11,341.9505,0,0,0
5/4/1990,-0.25,338.39,0,338.39,341.8565,0,0,1
5/11/1990,-0.06,352,0,352,342.0585,0,0,0
5/18/1990,0.09,354.64,0,354.64,342.306,0,0,0
5/25/1990,0.1,354.58,0,354.58,342.51975,0,0,0
6/1/1990,0.02,363.16,0,363.16,342.83575,0,0,0
6/8/1990,0.05,358.71,0,358.71,342.96025,0,0,0
6/15/1990,0.18,362.91,0,362.91,343.314,0,0,0
6/22/1990,0,355.43,0,355.43,343.57325,0,0,0
6/29/1990,-0.07,358.02,0,358.02,343.8475,0,0,0
7/6/1990,-0.1,358.42,0,358.42,344.07925,0,0,0
7/13/1990,0.1,367.31,0,367.31,344.2925,0,0,0
7/20/1990,0.1,361.61,0,361.61,344.9915,0,0,0
7/27/1990,0.28,353.44,0,353.44,345.1485,0,0,0
8/3/1990,-0.2,344.86,0,344.86,345.3935,0,0,0
8/10/1990,-0.29,335.52,0,335.52,345.341,0,0,1
8/17/1990,-0.41,327.83,0,327.83,345.05925,0,0,1
8/24/1990,-0.26,311.51,0,311.51,344.30675,0,0,1
8/31/1990,-0.38,322.56,0,322.56,343.7715,0,0,1
9/7/1990,-0.16,323.4,0,323.4,343.09075,0,0,0
9/14/1990,-0.35,316.83,0,316.83,342.29425,0,0,1
9/21/1990,-0.43,311.32,0,311.32,341.32375,0,0,1
9/28/1990,-0.28,306.05,0,306.05,340.2895,0,0,1
10/5/1990,-0.44,311.5,0,311.5,339.242,0,0,1
10/12/1990,-0.31,300.03,0,300.03,337.93775,0,0,1
10/19/1990,-0.54,312.48,0,312.48,337.2515,0,0,1
10/26/1990,-0.35,304.71,0,304.71,336.3905,0,0,1
11/2/1990,-0.24,311.85,0,311.85,336.04175,0,0,0
11/9/1990,-0.28,313.74,0,313.74,335.61225,0,0,1
11/16/1990,-0.43,317.12,0,317.12,335.19975,0,0,1
11/21/1990,-0.31,316.03,0,316.03,334.7825,0,0,1
11/30/1990,-0.23,322.22,0,322.22,334.73425,0,0,0
12/7/1990,-0.15,327.75,0,327.75,334.5395,0,0,0
12/14/1990,-0.07,326.82,0,326.82,334.26175,0,0,0
12/21/1990,-0.34,331.75,0,331.75,334.00775,0,0,1
12/28/1990,-0.1,328.72,0,328.72,333.79525,0,0,0
1/4/1991,0.01,321,0,321,333.32175,0,0,0
1/11/1991,-0.26,315.23,0,315.23,332.7005,0,0,1
1/18/1991,-0.29,332.23,0,332.23,332.39775,0,0,1
1/25/1991,-0.25,336.07,0,336.07,332.4215,0,0,1
2/1/1991,-0.13,343.05,0,343.05,332.77,0,0,0
2/8/1991,0,359.35,0,359.35,333.294,0,0,0
2/15/1991,0.22,369.06,0,369.06,333.7205,0,0,0
2/22/1991,0.34,365.65,0,365.65,333.99575,0,0,0
3/1/1991,0.18,370.42,0,370.42,334.39175,0,0,0
3/8/1991,0.21,374.95,0,374.95,334.6865,0,0,0
3/15/1991,0.32,373.59,0,373.59,335.0585,0,0,0
3/22/1991,0.15,367.48,0,367.48,335.17275,0,0,0
3/29/1991,0.22,375.22,0,375.22,335.6675,0,0,0
4/5/1991,0.38,375.36,0,375.36,336.101,0,0,0
4/12/1991,0.18,380.4,0,380.4,336.6505,0,0,0
4/19/1991,0.17,384.2,0,384.2,337.07275,0,0,0
4/26/1991,0.38,379.02,0,379.02,337.508,0,0,0
5/3/1991,0.11,380.8,0,380.8,338.192,0,0,0
5/10/1991,0.1,375.74,0,375.74,338.964,0,0,0
5/17/1991,0.16,372.39,0,372.39,339.88575,0,0,0
5/24/1991,0.15,377.49,0,377.49,341.12725,0,0,0
5/31/1991,0.19,389.83,0,389.83,343.08525,0,0,0
6/7/1991,0.29,379.43,0,379.43,344.507,0,0,0
6/14/1991,0.25,382.29,0,382.29,345.97925,0,0,0
6/21/1991,0.28,377.75,0,377.75,347.50225,0,0,0
6/28/1991,-0.07,371.16,0,371.16,348.99825,0,0,0
7/3/1991,-0.05,374.08,0,374.08,350.699,0,0,0
7/12/1991,0.21,380.25,0,380.25,352.41775,0,0,0
7/19/1991,0.05,384.22,0,384.22,354.5225,0,0,0
7/26/1991,0.12,380.93,0,380.93,356.23375,0,0,0
8/2/1991,0.02,387.18,0,387.18,358.2955,0,0,0
8/9/1991,-0.03,387.12,0,387.12,360.17725,0,0,0
8/16/1991,0.07,385.58,0,385.58,361.97325,0,0,0
8/23/1991,0,394.17,0,394.17,363.8995,0,0,0
8/30/1991,0.22,395.43,0,395.43,365.8845,0,0,0
9/6/1991,0.03,389.1,0,389.1,367.5565,0,0,0
9/13/1991,0.25,383.59,0,383.59,368.9525,0,0,0
9/20/1991,0.12,387.92,0,387.92,370.48,0,0,0
9/27/1991,0,385.9,0,385.9,371.83375,0,0,0
10/4/1991,0,381.24,0,381.24,373.14675,0,0,0
10/11/1991,0.15,381.45,0,381.45,374.658,0,0,0
10/18/1991,-0.09,392.5,0,392.5,376.58975,0,0,0
10/25/1991,-0.02,384.2,0,384.2,377.889,0,0,0
11/1/1991,0.16,391.32,0,391.32,379.27025,0,0,0
11/8/1991,0,392.89,0,392.89,380.51625,0,0,0
11/15/1991,0.09,382.62,0,382.62,381.098,0,0,0
11/22/1991,0.28,376.14,0,376.14,381.275,0,0,0
11/27/1991,-0.07,376.55,0,376.55,381.5475,0,0,0
12/6/1991,-0.22,379.1,0,379.1,381.7645,0,0,0
12/13/1991,0.02,384.47,0,384.47,382.0025,0,0,0
12/20/1991,0.02,387.04,0,387.04,382.33875,0,0,0
12/27/1991,0.07,406.46,0,406.46,383.31325,0,0,0
1/3/1992,0.18,419.34,0,419.34,384.41625,0,0,0
1/10/1992,0.23,415.1,0,415.1,385.40975,0,0,0
1/17/1992,0.23,418.86,0,418.86,386.37125,0,0,0
1/24/1992,0.17,415.48,0,415.48,387.15325,0,0,0
1/31/1992,0.2,408.79,0,408.79,387.8975,0,0,0
2/7/1992,0.11,411.09,0,411.09,388.65475,0,0,0
2/14/1992,0.2,412.48,0,412.48,389.57325,0,0,0
2/21/1992,0.19,411.46,0,411.46,390.55,0,0,0
2/28/1992,0.22,412.7,0,412.7,391.43025,0,0,0
3/6/1992,0.19,404.44,0,404.44,391.7955,0,0,0
3/13/1992,0.11,405.84,0,405.84,392.45575,0,0,0
3/20/1992,0.25,411.3,0,411.3,393.181,0,0,0
3/27/1992,0.21,403.5,0,403.5,393.82475,0,0,0
4/3/1992,0.12,401.55,0,401.55,394.5845,0,0,0
4/10/1992,0.13,404.29,0,404.29,395.33975,0,0,0
4/17/1992,0.12,416.05,0,416.05,396.23475,0,0,0
4/24/1992,0.38,409.02,0,409.02,396.85475,0,0,0
5/1/1992,-0.06,412.53,0,412.53,397.64475,0,0,0
5/8/1992,0.17,416.05,0,416.05,398.3665,0,0,0
5/15/1992,0.17,410.09,0,410.09,398.94075,0,0,0
5/22/1992,0.2,414.02,0,414.02,399.65175,0,0,0
5/29/1992,0.25,415.35,0,415.35,400.18125,0,0,0
6/5/1992,0.22,413.48,0,413.48,400.6325,0,0,0
6/12/1992,0.08,409.76,0,409.76,401.149,0,0,0
6/19/1992,0.07,403.67,0,403.67,401.651,0,0,0
6/26/1992,0.12,403.45,0,403.45,402.03925,0,0,0
7/2/1992,-0.14,411.77,0,411.77,402.686,0,0,0
7/9/1992,-0.12,414.62,0,414.62,403.5205,0,0,0
7/17/1992,-0.02,415.62,0,415.62,404.37475,0,0,0
7/24/1992,0.08,411.6,0,411.6,404.85225,0,0,0
7/31/1992,-0.09,424.21,0,424.21,405.8525,0,0,0
8/5/1992,-0.05,422.19,0,422.19,406.62425,0,0,0
8/14/1992,-0.11,419.91,0,419.91,407.29975,0,0,0
8/21/1992,-0.22,414.85,0,414.85,408.1055,0,0,0
8/28/1992,-0.03,414.84,0,414.84,409.073,0,0,0
9/4/1992,-0.28,417.08,0,417.08,410.08625,0,0,1
9/11/1992,-0.17,419.58,0,419.58,411.09825,0,0,0
9/18/1992,-0.16,422.93,0,422.93,412.05975,0,0,0
9/25/1992,-0.16,414.35,0,414.35,412.7425,0,0,0
10/2/1992,-0.05,410.47,0,410.47,412.84275,0,0,0
10/9/1992,-0.23,402.66,0,402.66,412.42575,0,0,0
10/16/1992,-0.36,411.73,0,411.73,412.3415,0,0,1
10/23/1992,-0.26,414.1,0,414.1,412.2225,0,0,1
10/30/1992,0.05,418.68,0,418.68,412.3025,0,0,0
11/6/1992,0.25,417.58,0,417.58,412.52225,0,0,0
11/13/1992,0.18,422.43,0,422.43,412.80575,0,0,0
11/20/1992,0.34,426.65,0,426.65,413.16,0,0,0
11/25/1992,0.23,429.19,0,429.19,413.60325,0,0,0
12/4/1992,0.13,432.06,0,432.06,414.08725,0,0,0
12/11/1992,0.28,433.73,0,433.73,414.8195,0,0,0
12/18/1992,0.53,441.28,0,441.28,415.7055,-1,-1,0
12/24/1992,0.4,439.77,0,439.77,416.41725,0,0,0
1/1/1993,0.47,435.71,0,435.71,417.2225,-1,,0
1/8/1993,-0.11,429.05,0,429.05,417.91,0,0,0
1/15/1993,0.4,437.15,0,437.15,418.7315,0,0,0
1/22/1993,0.2,436.11,0,436.11,419.233,0,0,0
1/29/1993,0.17,438.78,0,438.78,419.977,0,0,0
2/5/1993,0.22,448.93,0,448.93,420.887,0,0,0
2/12/1993,0.25,444.58,0,444.58,421.60025,0,0,0
2/19/1993,0.19,434.22,0,434.22,422.2035,0,0,0
2/26/1993,0,443.38,0,443.38,422.9375,0,0,0
3/5/1993,-0.1,446.11,0,446.11,423.7065,0,0,0
3/12/1993,0.23,449.83,0,449.83,424.61525,0,0,0
3/19/1993,0.14,450.18,0,450.18,425.62575,0,0,0
3/26/1993,0.2,447.78,0,447.78,426.7285,0,0,0
4/2/1993,0.1,441.39,0,441.39,427.677,0,0,0
4/9/1993,0.03,441.84,0,441.84,428.42875,0,0,0
4/16/1993,-0.03,448.94,0,448.94,429.28675,0,0,0
4/23/1993,-0.02,437.17,0,437.17,429.8255,0,0,0
4/30/1993,-0.19,440.19,0,440.19,430.54025,0,0,0
5/7/1993,-0.13,442.31,0,442.31,430.99275,0,0,0
5/14/1993,-0.19,439.56,0,439.56,431.427,0,0,0
5/21/1993,-0.24,445.84,0,445.84,432.07525,0,0,0
5/28/1993,-0.15,450.19,0,450.19,432.95875,0,0,0
6/4/1993,0.05,450.06,0,450.06,433.83925,0,0,0
6/11/1993,-0.18,447.26,0,447.26,434.59375,0,0,0
6/18/1993,-0.21,443.68,0,443.68,435.19625,0,0,0
6/25/1993,-0.06,447.6,0,447.6,435.813,0,0,0
7/2/1993,-0.2,445.84,0,445.84,436.60025,0,0,0
7/9/1993,-0.13,448.13,0,448.13,437.54175,0,0,0
7/16/1993,-0.12,445.75,0,445.75,438.619,0,0,0
7/23/1993,-0.09,447.1,0,447.1,439.50325,0,0,0
7/30/1993,-0.05,448.13,0,448.13,440.354,0,0,0
8/6/1993,-0.06,448.68,0,448.68,441.104,0,0,0
8/13/1993,-0.09,450.14,0,450.14,441.918,0,0,0
8/20/1993,-0.01,456.16,0,456.16,442.76125,0,0,0
8/27/1993,-0.11,460.54,0,460.54,443.6085,0,0,0
9/3/1993,0.09,461.34,0,461.34,444.41225,0,0,0
9/10/1993,-0.1,461.72,0,461.72,445.15375,0,0,0
9/17/1993,-0.02,458.83,0,458.83,445.78125,0,0,0
9/24/1993,-0.04,457.63,0,457.63,446.19,0,0,0
10/1/1993,-0.14,461.29,0,461.29,446.728,0,0,0
10/8/1993,-0.05,460.31,0,460.31,447.343,0,0,0
10/15/1993,0,469.5,0,469.5,448.35425,0,0,0
10/22/1993,0.14,463.27,0,463.27,449.00725,0,0,0
10/29/1993,0.19,467.83,0,467.83,449.80025,0,0,0
11/4/1993,0,459.57,0,459.57,450.32,0,0,0
11/11/1993,0,465.39,0,465.39,450.7315,0,0,0
11/18/1993,-0.01,462.6,0,462.6,451.182,0,0,0
11/24/1993,0.2,462.36,0,462.36,451.8855,0,0,0
12/2/1993,-0.02,464.89,0,464.89,452.42325,0,0,0
12/9/1993,0.13,463.93,0,463.93,452.86875,0,0,0
12/16/1993,0.04,466.38,0,466.38,453.2825,0,0,0
12/23/1993,0.03,467.38,0,467.38,453.7125,0,0,0
12/30/1993,0.16,466.45,0,466.45,454.17925,0,0,0
1/6/1994,0.13,469.9,0,469.9,454.892,0,0,0
1/13/1994,0.07,474.91,0,474.91,455.71875,0,0,0
1/20/1994,0.22,474.72,0,474.72,456.36325,0,0,0
1/27/1994,0.07,478.7,0,478.7,457.4015,0,0,0
2/3/1994,0.05,469.81,0,469.81,458.142,0,0,0
2/10/1994,0.25,470.18,0,470.18,458.83875,0,0,0
2/17/1994,0.16,467.69,0,467.69,459.542,0,0,0
2/24/1994,0.12,466.07,0,466.07,460.04775,0,0,0
3/3/1994,0.04,464.74,0,464.74,460.4115,0,0,0
3/10/1994,-0.08,466.44,0,466.44,460.821,0,0,0
3/17/1994,-0.11,471.06,0,471.06,461.416,0,0,0
3/24/1994,-0.05,460.58,0,460.58,461.8385,0,0,0
3/31/1994,-0.21,445.77,0,445.77,461.79275,0,0,0
4/7/1994,-0.13,447.1,0,447.1,461.82425,0,0,0
4/14/1994,-0.19,446.18,0,446.18,461.7755,0,0,0
4/21/1994,-0.07,447.63,0,447.63,461.8225,0,0,0
4/28/1994,-0.11,450.91,0,450.91,461.91775,0,0,0
5/5/1994,-0.04,447.82,0,447.82,461.91,0,0,0
5/12/1994,0.08,444.14,0,444.14,461.7965,0,0,0
5/19/1994,-0.2,454.92,0,454.92,461.916,0,0,0
5/26/1994,-0.09,457.33,0,457.33,461.94525,0,0,0
6/2/1994,0.14,460.13,0,460.13,461.935,0,0,0
6/9/1994,0.03,458.67,0,458.67,461.86825,0,0,0
6/16/1994,0.06,458.45,0,458.45,461.7865,0,0,0
6/23/1994,0.03,442.8,0,442.8,461.38575,0,0,0
6/30/1994,0.01,446.2,0,446.2,461.1,0,0,0
7/7/1994,-0.12,449.55,0,449.55,460.8065,0,0,0
7/14/1994,-0.1,454.16,0,454.16,460.65275,0,0,0
7/21/1994,0.06,453.11,0,453.11,460.243,0,0,0
7/28/1994,-0.04,458.26,0,458.26,460.11775,0,0,0
8/4/1994,-0.04,457.09,0,457.09,459.84925,0,0,0
8/11/1994,0.05,461.94,0,461.94,459.9085,0,0,0
8/18/1994,0,463.68,0,463.68,459.86575,0,0,0
8/25/1994,0.03,473.8,0,473.8,460.14575,0,0,0
9/1/1994,0.2,470.99,0,470.99,460.3615,0,0,0
9/8/1994,0.27,468.18,0,468.18,460.44375,0,0,0
9/15/1994,0.15,471.19,0,471.19,460.62525,0,0,0
9/22/1994,0.1,459.67,0,459.67,460.4575,0,0,0
9/29/1994,0.08,462.69,0,462.69,460.34025,0,0,0
10/6/1994,0.05,455.1,0,455.1,460.0565,0,0,0
10/13/1994,0.09,469.1,0,469.1,460.0365,0,0,0
10/20/1994,0.11,464.89,0,464.89,459.786,0,0,0
10/27/1994,0.24,473.77,0,473.77,459.76225,0,0,0
11/3/1994,0.15,462.28,0,462.28,459.35175,0,0,0
11/10/1994,0.05,462.35,0,462.35,459.16525,0,0,0
11/17/1994,0,461.47,0,461.47,458.9475,0,0,0
11/23/1994,0.1,449.93,0,449.93,458.5035,0,0,0
11/30/1994,0.18,453.3,0,453.3,458.18425,0,0,0
12/8/1994,-0.05,446.96,0,446.96,457.73975,0,0,0
12/15/1994,0.01,458.8,0,458.8,457.54875,0,0,0
12/22/1994,0.09,459.67,0,459.67,457.264,0,0,0
12/29/1994,0.23,459.27,0,459.27,457.23125,0,0,0
1/5/1995,0.19,460.68,0,460.68,457.604,0,0,0
1/12/1995,0.14,465.97,0,465.97,458.07575,0,0,0
1/19/1995,0.13,464.78,0,464.78,458.54075,0,0,0
1/26/1995,0.13,470.39,0,470.39,459.10975,0,0,0
2/2/1995,0.13,478.64,0,478.64,459.803,0,0,0
2/9/1995,0.11,481.46,0,481.46,460.644,0,0,0
2/16/1995,0.23,481.97,0,481.97,461.58975,0,0,0
2/23/1995,0.29,488.11,0,488.11,462.4195,0,0,0
3/2/1995,0.32,485.42,0,485.42,463.12175,0,0,0
3/9/1995,0.3,489.57,0,489.57,463.85775,0,0,0
3/16/1995,0.19,495.52,0,495.52,464.779,0,0,0
3/23/1995,0.24,500.97,0,500.97,465.842,0,0,0
3/30/1995,0.27,500.71,0,500.71,467.28975,0,0,0
4/6/1995,0.09,506.42,0,506.42,468.79525,0,0,0
4/13/1995,0.03,509.23,0,509.23,470.28725,0,0,0
4/20/1995,0.01,508.49,0,508.49,471.6455,0,0,0
4/27/1995,0.33,514.71,0,514.71,473.1855,0,0,0
5/4/1995,0.11,520.12,0,520.12,474.732,0,0,0
5/11/1995,0.14,525.55,0,525.55,476.4435,0,0,0
5/18/1995,0.07,519.19,0,519.19,477.87475,0,0,0
5/25/1995,0.14,523.65,0,523.65,479.374,0,0,0
6/1/1995,0.12,532.51,0,532.51,480.84175,0,0,0
6/8/1995,0.13,527.94,0,527.94,482.2655,0,0,0
6/15/1995,0.03,539.83,0,539.83,484.05675,0,0,0
6/22/1995,0.17,549.71,0,549.71,486.01975,0,0,0
6/29/1995,-0.02,544.75,0,544.75,488.14675,0,0,0
7/6/1995,0.04,556.37,0,556.37,490.48875,0,0,0
7/13/1995,0.06,559.89,0,559.89,493.1085,0,0,0
7/20/1995,0.16,553.62,0,553.62,495.2215,0,0,0
7/27/1995,0.08,562.93,0,562.93,497.6725,0,0,0
8/3/1995,0.1,558.94,0,558.94,499.80175,0,0,0
8/10/1995,0.1,555.11,0,555.11,502.1225,0,0,0
8/17/1995,0.15,559.21,0,559.21,504.544,0,0,0
8/24/1995,-0.02,560.1,0,560.1,507.00975,0,0,0
8/31/1995,0.18,563.84,0,563.84,509.8575,0,0,0
9/7/1995,0.1,572.68,0,572.68,512.842,0,0,0
9/14/1995,0.24,583.35,0,583.35,516.25175,0,0,0
9/21/1995,0.17,581.73,0,581.73,519.325,0,0,0
9/28/1995,0.11,584.41,0,584.41,522.4435,0,0,0
10/5/1995,0.15,582.49,0,582.49,525.524,0,0,0
10/12/1995,0.12,584.5,0,584.5,528.6195,0,0,0
10/19/1995,0.26,587.46,0,587.46,531.65675,0,0,0
10/26/1995,0.25,579.7,0,579.7,534.52975,0,0,0
11/2/1995,0.28,590.57,0,590.57,537.53425,0,0,0
11/9/1995,0.33,592.72,0,592.72,540.38625,0,0,0
11/16/1995,0.23,600.07,0,600.07,543.3515,0,0,0
11/22/1995,0.14,598.4,0,598.4,546.26225,0,0,0
11/30/1995,0.32,606.98,0,606.98,549.234,0,0,0
12/7/1995,0.24,617.48,0,617.48,552.5355,0,0,0
12/14/1995,0.25,616.34,0,616.34,555.70475,0,0,0
12/21/1995,0.24,611.96,0,611.96,558.61575,0,0,0
12/28/1995,0.26,615.93,0,615.93,561.48975,0,0,0
1/4/1996,0.28,616.71,0,616.71,564.38975,0,0,0
1/11/1996,0.2,601.81,0,601.81,566.7745,0,0,0
1/18/1996,0.13,611.83,0,611.83,569.3395,0,0,0
1/25/1996,0.12,621.62,0,621.62,572.16775,0,0,0
2/1/1996,0.39,635.84,0,635.84,575.196,0,0,0
2/8/1996,0.37,656.37,0,656.37,578.60225,0,0,0
2/15/1996,0.29,647.98,0,647.98,581.663,0,0,0
2/22/1996,0.2,659.08,0,659.08,585.16025,0,0,0
2/29/1996,0.18,644.37,0,644.37,588.17825,0,0,0
3/7/1996,0.16,633.5,0,633.5,590.703,0,0,0
3/14/1996,0.07,641.43,0,641.43,593.54025,0,0,0
3/21/1996,0.25,650.62,0,650.62,596.31,0,0,0
3/28/1996,0.21,645.5,0,645.5,598.70475,0,0,0
4/4/1996,0.23,655.86,0,655.86,601.4825,0,0,0
4/11/1996,0.22,636.71,0,636.71,603.491,0,0,0
4/18/1996,0.1,645.07,0,645.07,605.6205,0,0,0
4/25/1996,-0.04,653.46,0,653.46,608.1165,0,0,0
5/2/1996,0.27,641.63,0,641.63,610.084,0,0,0
5/9/1996,0.3,652.09,0,652.09,612.41275,0,0,0
5/16/1996,0.14,668.91,0,668.91,615.25775,0,0,0
5/23/1996,0.37,678.51,0,678.51,618.24025,0,0,0
5/30/1996,0.51,669.12,0,669.12,620.96575,-1,0,0
6/6/1996,0.22,673.31,0,673.31,623.7025,0,0,0
6/13/1996,0.26,665.85,0,665.85,626.03175,0,0,0
6/20/1996,0.16,666.84,0,666.84,628.119,0,0,0
6/27/1996,0.25,670.63,0,670.63,630.3415,0,0,0
7/3/1996,0.08,672.4,0,672.4,632.54125,0,0,0
7/11/1996,0.15,646.19,0,646.19,634.13375,0,0,0
7/18/1996,0.03,638.73,0,638.73,635.4895,0,0,0
7/25/1996,-0.08,635.9,0,635.9,636.7005,0,0,0
8/1/1996,-0.04,662.49,0,662.49,638.77025,0,0,0
8/8/1996,-0.04,662.1,0,662.1,640.5585,0,0,0
8/15/1996,0.23,665.21,0,665.21,642.37075,0,0,0
8/22/1996,0.02,667.03,0,667.03,644.04475,0,0,0
8/29/1996,-0.01,651.99,0,651.99,645.3845,0,0,0
9/5/1996,-0.07,655.68,0,655.68,646.602,0,0,0
9/12/1996,-0.02,680.54,0,680.54,648.1785,0,0,0
9/19/1996,-0.03,687.03,0,687.03,649.94575,0,0,0
9/26/1996,0.07,686.19,0,686.19,651.8015,0,0,0
10/3/1996,0.11,701.46,0,701.46,653.93975,0,0,0
10/10/1996,0.12,700.66,0,700.66,656.0385,0,0,0
10/17/1996,0.14,710.82,0,710.82,658.76375,0,0,0
10/24/1996,0.17,700.92,0,700.92,660.991,0,0,0
10/31/1996,0.03,703.77,0,703.77,663.04475,0,0,0
11/7/1996,-0.03,730.82,0,730.82,665.41925,0,0,0
11/14/1996,0.08,737.62,0,737.62,667.4505,0,0,0
11/21/1996,0.16,748.73,0,748.73,669.96925,0,0,0
11/27/1996,0.31,755,0,755,672.36725,0,0,0
12/5/1996,0.08,739.6,0,739.6,674.748,0,0,0
12/12/1996,0.08,728.64,0,728.64,677.1265,0,0,0
12/19/1996,-0.06,748.87,0,748.87,679.8125,0,0,0
12/26/1996,0.07,756.79,0,756.79,682.46675,0,0,0
1/2/1997,0.19,748.03,0,748.03,685.03,0,0,0
1/9/1997,0.11,759.5,0,759.5,687.621,0,0,0
1/16/1997,0.16,776.17,0,776.17,691.1075,0,0,0
1/23/1997,0.15,770.52,0,770.52,694.24375,0,0,0
1/30/1997,0.35,786.16,0,786.16,697.56125,0,0,0
2/6/1997,0.23,789.56,0,789.56,701.2595,0,0,0
2/13/1997,0.27,808.48,0,808.48,705.16925,0,0,0
2/20/1997,0.24,801.77,0,801.77,708.49075,0,0,0
2/27/1997,0.48,790.82,0,790.82,711.2985,-1,0,0
3/6/1997,0.23,804.97,0,804.97,714.69475,0,0,0
3/13/1997,0.04,793.17,0,793.17,717.69125,0,0,0
3/20/1997,0.14,784.1,0,784.1,720.6475,0,0,0
3/27/1997,-0.06,773.88,0,773.88,723.3235,0,0,0
4/3/1997,-0.02,757.9,0,757.9,725.50525,0,0,0
4/10/1997,-0.11,737.65,0,737.65,727.1365,0,0,0
4/17/1997,0.03,766.34,0,766.34,730.14025,0,0,0
4/24/1997,-0.04,765.37,0,765.37,733.30625,0,0,0
5/1/1997,-0.02,812.97,0,812.97,737.733,0,0,0
5/8/1997,0.04,824.78,0,824.78,741.79025,0,0,0
5/15/1997,0.18,829.75,0,829.75,745.9815,0,0,0
5/22/1997,0.15,847.03,0,847.03,750.527,0,0,0
5/29/1997,0.2,848.28,0,848.28,755.05825,0,0,0
6/5/1997,0.37,858.01,0,858.01,760.20875,0,0,0
6/12/1997,0.33,893.27,0,893.27,766.1485,0,0,0
6/19/1997,0.44,898.7,0,898.7,771.6025,-1,0,0
6/26/1997,0.29,887.3,0,887.3,776.60925,0,0,0
7/3/1997,0.2,916.92,0,916.92,782.3775,0,0,0
7/10/1997,0.31,916.68,0,916.68,787.758,0,0,0
7/17/1997,0.38,915.3,0,915.3,793.124,0,0,0
7/24/1997,0.31,938.79,0,938.79,798.82325,0,0,0
7/31/1997,0.22,947.14,0,947.14,804.97875,0,0,0
8/7/1997,0.26,933.54,0,933.54,810.723,0,0,0
8/14/1997,0.28,900.81,0,900.81,814.97275,0,0,0
8/21/1997,0.27,923.55,0,923.55,819.621,0,0,0
8/28/1997,0.28,899.47,0,899.47,823.3895,0,0,0
9/4/1997,0.12,929.05,0,929.05,827.74075,0,0,0
9/11/1997,0.2,923.91,0,923.91,832.3485,0,0,0
9/18/1997,0.24,950.51,0,950.51,837.89525,0,0,0
9/25/1997,0.2,945.22,0,945.22,842.804,0,0,0
10/2/1997,0.19,965.03,0,965.03,848.01,0,0,0
10/9/1997,0.29,966.98,0,966.98,853.48375,0,0,0
10/16/1997,0.22,944.16,0,944.16,858.10025,0,0,0
10/23/1997,0.26,941.64,0,941.64,862.237,0,0,0
10/30/1997,0.18,914.62,0,914.62,865.8395,0,0,0
11/6/1997,0.13,927.51,0,927.51,869.37325,0,0,0
11/13/1997,0.28,928.35,0,928.35,872.843,0,0,0
11/20/1997,0.18,963.09,0,963.09,876.70825,0,0,0
11/26/1997,0.2,955.4,0,955.4,880.549,0,0,0
12/4/1997,0.31,983.79,0,983.79,885.37325,0,0,0
12/11/1997,0.29,953.39,0,953.39,889.08375,0,0,0
12/18/1997,0.21,946.78,0,946.78,892.924,0,0,0
12/24/1997,0.18,936.46,0,936.46,896.733,0,0,0
12/31/1997,0.03,975.04,0,975.04,901.762,0,0,0
1/8/1998,0.24,927.69,0,927.69,906.00675,0,0,0
1/16/1998,0.21,961.51,0,961.51,911.60325,0,0,0
1/23/1998,0.01,957.59,0,957.59,916.3845,0,0,0
1/30/1998,0.18,980.28,0,980.28,921.75725,0,0,0
2/5/1998,0.05,1012.46,0,1012.46,926.7445,0,0,0
2/12/1998,0.26,1020.09,0,1020.09,931.62725,0,0,0
2/19/1998,0.27,1034.21,0,1034.21,936.73875,0,0,0
2/26/1998,0.39,1049.34,0,1049.34,941.7965,0,0,0
3/5/1998,0.4,1055.69,0,1055.69,946.98175,0,0,0
3/12/1998,0.24,1068.61,0,1068.61,952.24675,0,0,0
3/19/1998,0.18,1099.16,0,1099.16,957.394,0,0,0
3/26/1998,0.25,1093.55,0,1093.55,962.26525,0,0,0
4/2/1998,0.24,1108.15,0,1108.15,967.7865,0,0,0
4/9/1998,0.18,1110.67,0,1110.67,972.63025,0,0,0
4/16/1998,0.38,1122.72,0,1122.72,977.78125,0,0,0
4/23/1998,0.18,1107.9,0,1107.9,982.59625,0,0,0
4/30/1998,0.19,1121,0,1121,987.1515,0,0,0
5/7/1998,0.2,1108.14,0,1108.14,991.1765,0,0,0
5/14/1998,0.07,1108.73,0,1108.73,995.55625,0,0,0
5/21/1998,0.15,1110.47,0,1110.47,1000.79775,0,0,0
5/28/1998,0.08,1090.82,0,1090.82,1004.9795,0,0,0
6/4/1998,-0.06,1113.86,0,1113.86,1010.33925,0,0,0
6/11/1998,0.03,1098.84,0,1098.84,1014.584,0,0,0
6/18/1998,-0.04,1100.65,0,1100.65,1019.0025,0,0,0
6/25/1998,0,1133.2,0,1133.2,1023.56975,0,0,0
7/2/1998,0.14,1146.42,0,1146.42,1028.59975,0,0,0
7/9/1998,0.16,1164.33,0,1164.33,1033.58225,0,0,0
7/16/1998,0.14,1186.75,0,1186.75,1039.0765,0,0,0
7/23/1998,0.13,1140.8,0,1140.8,1043.9925,0,0,0
7/30/1998,0.24,1120.67,0,1120.67,1048.46825,0,0,0
8/6/1998,0.04,1089.45,0,1089.45,1052.839,0,0,0
8/13/1998,-0.08,1062.75,0,1062.75,1056.22,0,0,0
8/20/1998,-0.08,1081.24,0,1081.24,1060.04225,0,0,0
8/27/1998,-0.22,1027.04,0,1027.04,1061.641,0,0,0
9/3/1998,-0.17,973.89,0,973.89,1062.10325,0,0,0
9/10/1998,-0.11,1009.06,0,1009.06,1062.735,0,0,0
9/17/1998,0.03,1020.09,0,1020.09,1064.4025,0,0,0
9/24/1998,0.06,1044.75,0,1044.75,1066.85175,0,0,0
10/1/1998,-0.01,1002.6,0,1002.6,1068.50525,0,0,0
10/8/1998,-0.07,984.39,0,984.39,1068.739,0,0,0
10/15/1998,-0.16,1056.42,0,1056.42,1071.95725,0,0,0
10/22/1998,-0.01,1070.67,0,1070.67,1074.68625,0,0,0
10/29/1998,0.22,1098.67,0,1098.67,1078.21325,0,0,0
11/5/1998,0.18,1141.01,0,1141.01,1082.2315,0,0,0
11/12/1998,0.36,1125.72,0,1125.72,1085.063,0,0,0
11/19/1998,0.22,1163.55,0,1163.55,1088.6495,0,0,0
11/25/1998,0.31,1192.33,0,1192.33,1092.6025,0,0,0
12/3/1998,0.28,1176.74,0,1176.74,1095.7875,0,0,0
12/10/1998,0.18,1166.46,0,1166.46,1098.55675,0,0,0
12/17/1998,0.16,1188.03,0,1188.03,1101.54225,0,0,0
12/23/1998,0.02,1226.27,0,1226.27,1104.72,0,0,0
12/31/1998,0.19,1229.23,0,1229.23,1108.112,0,0,0
1/7/1999,0.15,1275.09,0,1275.09,1112.2855,0,0,0
1/14/1999,0.3,1243.26,0,1243.26,1115.60025,0,0,0
1/21/1999,0.36,1225.19,0,1225.19,1118.162,0,0,0
1/28/1999,0.27,1279.64,0,1279.64,1122.4555,0,0,0
2/4/1999,0.34,1239.4,0,1239.4,1125.4155,0,0,0
2/11/1999,0.31,1230.13,0,1230.13,1128.46525,0,0,0
2/18/1999,0.13,1239.22,0,1239.22,1131.7275,0,0,0
2/25/1999,0.13,1238.33,0,1238.33,1134.924,0,0,0
3/4/1999,0.17,1275.47,0,1275.47,1139.54025,0,0,0
3/11/1999,0.16,1294.59,0,1294.59,1144.0585,0,0,0
3/18/1999,0.27,1299.29,0,1299.29,1149.06975,0,0,0
3/25/1999,0.09,1282.8,0,1282.8,1153.6235,0,0,0
4/1/1999,0.15,1293.72,0,1293.72,1157.6365,0,0,0
4/8/1999,0.1,1348.35,0,1348.35,1162.68475,0,0,0
4/15/1999,0.13,1319,0,1319,1166.5515,0,0,0
4/22/1999,0.08,1356.85,0,1356.85,1170.804,0,0,0
4/29/1999,0.14,1335.18,0,1335.18,1175.6635,0,0,0
5/6/1999,0.4,1345,0,1345,1181.27175,0,0,0
5/13/1999,0.17,1337.8,0,1337.8,1187.4805,0,0,0
5/20/1999,0.17,1330.29,0,1330.29,1194.169,0,0,0
5/27/1999,0.18,1301.84,0,1301.84,1199.684,0,0,0
6/3/1999,0,1327.75,0,1327.75,1207.20175,0,0,0
6/10/1999,0.04,1293.64,0,1293.64,1215.1955,0,0,0
6/17/1999,0.11,1342.84,0,1342.84,1223.54,0,0,0
6/24/1999,-0.01,1315.31,0,1315.31,1230.9205,0,0,0
7/1/1999,0.08,1391.22,0,1391.22,1239.58225,0,0,0
7/8/1999,0.22,1403.28,0,1403.28,1249.59925,0,0,0
7/15/1999,0.36,1418.78,0,1418.78,1260.459,0,0,0
7/22/1999,0.33,1356.94,0,1356.94,1267.972,0,0,0
7/29/1999,0.22,1328.72,0,1328.72,1274.42325,0,0,0
8/5/1999,0.06,1300.29,0,1300.29,1279.46375,0,0,0
8/12/1999,0,1327.68,0,1327.68,1284.1305,0,0,0
8/19/1999,0.08,1336.61,0,1336.61,1289.40275,0,0,0
8/26/1999,0.1,1348.27,0,1348.27,1294.02075,0,0,0
9/2/1999,0.26,1357.24,0,1357.24,1298.1435,0,0,0
9/9/1999,0.12,1351.66,0,1351.66,1302.5165,0,0,0
9/16/1999,0.15,1335.42,0,1335.42,1306.7405,0,0,0
9/23/1999,0.08,1277.36,0,1277.36,1308.97375,0,0,0
9/30/1999,0.12,1282.81,0,1282.81,1310.38725,0,0,0
10/7/1999,0.06,1336.02,0,1336.02,1313.057,0,0,0
10/14/1999,0.23,1247.41,0,1247.41,1312.365,0,0,0
10/21/1999,0.13,1301.65,0,1301.65,1313.82475,0,0,0
10/28/1999,0.14,1362.93,0,1362.93,1317.26825,0,0,0
11/4/1999,0.21,1370.23,0,1370.23,1319.533,0,0,0
11/11/1999,0.22,1396.06,0,1396.06,1323.4495,0,0,0
11/18/1999,0.24,1422,0,1422,1328.24625,0,0,0
11/24/1999,0.38,1416.62,0,1416.62,1332.68125,0,0,0
12/2/1999,0.49,1433.3,0,1433.3,1337.5555,-1,0,0
12/9/1999,0.51,1417.04,0,1417.04,1341.09475,-1,0,0
12/16/1999,0.34,1421.03,0,1421.03,1344.25575,0,0,0
12/23/1999,0.35,1458.34,0,1458.34,1348.232,0,0,0
12/30/1999,0.45,1469.25,0,1469.25,1352.89325,-1,0,0
1/6/2000,0.62,1441.47,0,1441.47,1356.587,-1,0,0
1/13/2000,0.41,1465.15,0,1465.15,1359.507,0,0,0
1/20/2000,0.39,1441.36,0,1441.36,1362.566,0,0,0
1/27/2000,0.33,1360.16,0,1360.16,1362.64875,0,0,0
2/3/2000,0.27,1424.37,0,1424.37,1364.8785,0,0,0
2/10/2000,0.14,1387.12,0,1387.12,1365.9315,0,0,0
2/17/2000,0.03,1346.09,0,1346.09,1366.13875,0,0,0
2/24/2000,0.1,1333.36,0,1333.36,1366.2155,0,0,0
3/2/2000,0.13,1409.17,0,1409.17,1368.89875,0,0,0
3/8/2000,0.42,1395.07,0,1395.07,1370.58175,0,0,0
3/16/2000,0.23,1464.47,0,1464.47,1374.8525,0,0,0
3/23/2000,0.46,1527.46,0,1527.46,1379.468,-1,0,0
3/30/2000,-0.11,1498.58,0,1498.58,1384.04975,0,0,0
4/6/2000,0.25,1516.35,0,1516.35,1387.178,0,0,0
4/13/2000,0.22,1356.56,0,1356.56,1386.01,0,0,0
4/20/2000,0.41,1434.54,0,1434.54,1386.404,0,0,0
4/27/2000,0.47,1452.43,0,1452.43,1388.79125,-1,0,0
5/4/2000,0,1432.63,0,1432.63,1391.389,0,0,0
5/11/2000,0.05,1420.96,0,1420.96,1394.40575,0,0,0
5/18/2000,-0.06,1406.95,0,1406.95,1396.3875,0,0,0
5/25/2000,-0.02,1378.02,0,1378.02,1397.42275,0,0,0
6/1/2000,0.04,1477.26,0,1477.26,1400.6475,0,0,0
6/8/2000,0.38,1456.95,0,1456.95,1403.14025,0,0,0
6/15/2000,0.25,1464.46,0,1464.46,1405.96025,0,0,0
6/22/2000,-0.13,1441.48,0,1441.48,1408.61175,0,0,0
7/6/2000,0.4,1454.6,0,1454.6,1413.04275,0,0,0
7/13/2000,0.45,1478.9,0,1478.9,1417.945,-1,0,0
7/20/2000,0.55,1509.98,0,1509.98,1422.294,-1,0,0
7/27/2000,0.23,1480.19,0,1480.19,1428.1135,0,0,0
8/3/2000,0.17,1419.89,0,1419.89,1431.0695,0,0,0
8/10/2000,0.43,1462.93,0,1462.93,1433.5695,-1,0,0
8/17/2000,0.41,1471.84,0,1471.84,1436.10975,0,0,0
8/23/2000,0.35,1491.72,0,1491.72,1438.50125,0,0,0
8/31/2000,0.38,1506.45,0,1506.45,1440.6125,0,0,0
9/7/2000,0.54,1520.77,0,1520.77,1443.21625,-1,0,0
9/14/2000,0.18,1494.5,0,1494.5,1444.74625,0,0,0
9/21/2000,0.25,1465.81,0,1465.81,1445.9655,0,0,0
9/28/2000,0.47,1448.72,0,1448.72,1446.65775,-1,0,0
10/5/2000,0.16,1436.51,0,1436.51,1446.112,0,0,0
10/12/2000,0.1,1408.99,0,1408.99,1444.6055,0,0,0
10/19/2000,0.24,1374.17,0,1374.17,1442.923,0,0,0
10/26/2000,0.46,1396.93,0,1396.93,1441.2175,-1,0,0
11/2/2000,0.29,1379.58,0,1379.58,1439.673,0,0,0
11/9/2000,0.54,1426.69,0,1426.69,1441.33625,-1,0,0
11/16/2000,0.29,1365.98,0,1365.98,1439.8765,0,0,0
11/23/2000,0,1367.72,0,1367.72,1439.3915,0,0,0
11/30/2000,0.44,1341.77,0,1341.77,1439.2835,-1,0,0
12/7/2000,0.1,1315.23,0,1315.23,1438.83025,0,0,0
12/14/2000,0.27,1369.89,0,1369.89,1437.84825,0,0,0
12/21/2000,-0.2,1312.15,0,1312.15,1435.77525,0,0,0
12/28/2000,0.08,1305.95,0,1305.95,1431.81225,0,0,0
1/4/2001,0.19,1320.28,0,1320.28,1426.63275,0,0,0
1/11/2001,-0.07,1298.35,0,1298.35,1421.627,0,0,0
1/18/2001,0.12,1318.55,0,1318.55,1416.682,0,0,0
1/25/2001,0.23,1342.54,0,1342.54,1416.3315,0,0,0
2/1/2001,0.31,1354.95,0,1354.95,1414.34175,0,0,0
2/8/2001,0.41,1349.47,0,1349.47,1411.76775,0,0,0
2/15/2001,0.09,1314.76,0,1314.76,1408.821,0,0,0
2/22/2001,-0.12,1301.53,0,1301.53,1405.83525,0,0,0
3/1/2001,0.12,1234.18,0,1234.18,1401.516,0,0,0
3/8/2001,0,1233.42,0,1233.42,1397.901,0,0,0
3/15/2001,-0.05,1150.53,0,1150.53,1389.73275,0,0,0
3/22/2001,-0.19,1139.83,0,1139.83,1381.80475,0,0,0
3/29/2001,0.1,1160.33,0,1160.33,1374.2015,0,0,0
4/5/2001,-0.04,1128.43,0,1128.43,1366.37525,0,0,0
4/12/2001,-0.11,1183.5,0,1183.5,1359.59775,0,0,0
4/19/2001,0.13,1242.98,0,1242.98,1353.69975,0,0,0
4/26/2001,0.16,1253.05,0,1253.05,1347.2765,0,0,0
5/3/2001,0.42,1266.61,0,1266.61,1341.937,0,0,0
5/10/2001,0.36,1245.67,0,1245.67,1337.5815,0,0,0
5/17/2001,0.33,1291.96,0,1291.96,1333.30725,0,0,0
5/24/2001,0.45,1277.89,0,1277.89,1328.4585,-1,0,0
5/31/2001,0.21,1260.67,0,1260.67,1322.68225,0,0,0
6/7/2001,0.17,1264.96,0,1264.96,1316.645,0,0,0
6/14/2001,0.08,1214.36,0,1214.36,1308.98475,0,0,0
6/21/2001,0.1,1225.35,0,1225.35,1302.256,0,0,0
6/28/2001,-0.03,1224.38,0,1224.38,1296.22025,0,0,0
7/5/2001,0.22,1190.59,0,1190.59,1289.767,0,0,0
7/12/2001,-0.11,1215.68,0,1215.68,1284.24625,0,0,0
7/19/2001,0.35,1210.85,0,1210.85,1279.29275,0,0,0
7/26/2001,-0.09,1205.82,0,1205.82,1275.084,0,0,0
8/2/2001,0,1214.35,0,1214.35,1270.5195,0,0,0
8/9/2001,0.07,1190.16,0,1190.16,1265.784,0,0,0
8/16/2001,-0.02,1161.97,0,1161.97,1259.166,0,0,0
8/23/2001,0.03,1184.93,0,1184.93,1254.63975,0,0,0
8/30/2001,0.09,1133.58,0,1133.58,1248.78625,0,0,0
9/6/2001,-0.03,1085.78,0,1085.78,1242.3865,0,0,0
9/13/2001,-0.1,1092.54,0,1092.54,1236.81925,0,0,0
9/20/2001,-0.14,965.8,0,965.8,1226.717,0,0,0
9/27/2001,0.29,1040.94,0,1040.94,1219.93675,0,0,0
10/4/2001,0.22,1071.38,0,1071.38,1214.0725,0,0,0
10/11/2001,0.19,1091.65,0,1091.65,1208.35675,0,0,0
10/18/2001,0.39,1073.48,0,1073.48,1202.735,0,0,0
10/25/2001,0.38,1104.61,0,1104.61,1197.3865,0,0,0
11/1/2001,0.02,1087.2,0,1087.2,1191.003,0,0,0
11/8/2001,-0.08,1120.31,0,1120.31,1185.137,0,0,0
11/15/2001,0.12,1138.65,0,1138.65,1179.8665,0,0,0
11/22/2001,0.33,1150.34,0,1150.34,1175.756,0,0,0
11/29/2001,0.49,1139.45,0,1139.45,1171.704,-1,0,0
12/6/2001,0.35,1158.31,0,1158.31,1169.80725,0,0,0
12/13/2001,0.47,1123.09,0,1123.09,1167.049,-1,0,0
12/20/2001,0.26,1144.89,0,1144.89,1166.908,0,0,0
12/27/2001,0.31,1161.02,0,1161.02,1167.43775,0,0,0
1/3/2002,0.27,1172.51,0,1172.51,1167.74225,0,0,0
1/10/2002,0.33,1145.6,0,1145.6,1168.1715,0,0,0
1/17/2002,0,1127.58,0,1127.58,1166.7735,0,0,0
1/24/2002,0.04,1133.28,0,1133.28,1164.031,0,0,0
1/31/2002,0.23,1122.2,0,1122.2,1160.75975,0,0,0
2/7/2002,0.15,1096.22,0,1096.22,1156.5,0,0,0
2/14/2002,0.29,1104.18,0,1104.18,1152.96275,0,0,0
2/21/2002,0.11,1089.84,0,1089.84,1147.90975,0,0,0
2/28/2002,0.24,1131.78,0,1131.78,1144.257,0,0,0
3/7/2002,0.38,1164.31,0,1164.31,1141.848,0,0,0
3/14/2002,0.42,1154.09,0,1154.09,1139.07625,0,0,0
3/21/2002,0.42,1151.85,0,1151.85,1137.5135,0,0,0
3/28/2002,0.28,1144.58,0,1144.58,1135.49425,0,0,0
4/4/2002,0.2,1125.4,0,1125.4,1133.01975,0,0,0
4/11/2002,-0.05,1130.47,0,1130.47,1131.51675,0,0,0
4/18/2002,0.17,1126.07,0,1126.07,1129.2765,0,0,0
4/25/2002,0.13,1093.14,0,1093.14,1126.33375,0,0,0
5/2/2002,-0.06,1086.46,0,1086.46,1123.34975,0,0,0
5/9/2002,-0.11,1088.85,0,1088.85,1120.21225,0,0,0
5/16/2002,0.08,1091.07,0,1091.07,1117.735,0,0,0
5/23/2002,-0.14,1086.02,0,1086.02,1115.83625,0,0,0
5/29/2002,-0.12,1067.66,0,1067.66,1112.9045,0,0,0
6/6/2002,-0.07,1049.9,0,1049.9,1110.8125,0,0,0
6/13/2002,-0.02,1020.26,0,1020.26,1109.1745,0,0,0
6/20/2002,0.2,1019.99,0,1019.99,1107.36075,0,0,0
6/27/2002,-0.15,973.53,0,973.53,1107.554,0,0,0
7/3/2002,-0.2,989.03,0,989.03,1106.25625,0,0,0
7/11/2002,-0.07,920.47,0,920.47,1102.4835,0,0,0
7/18/2002,-0.28,906.04,0,906.04,1097.84325,0,1,1
7/25/2002,-0.21,843.43,0,843.43,1092.092,0,0,0
8/1/2002,0.03,911.62,0,911.62,1087.26725,0,0,0
8/8/2002,-0.02,876.77,0,876.77,1082.0065,0,0,0
8/15/2002,-0.03,919.62,0,919.62,1076.98925,0,0,0
8/22/2002,0.04,949.36,0,949.36,1072.257,0,0,0
8/29/2002,0.21,917.87,0,917.87,1066.44525,0,0,0
9/5/2002,-0.19,893.4,0,893.4,1060.294,0,0,0
9/12/2002,0.01,909.45,0,909.45,1054.0725,0,0,0
9/19/2002,-0.09,845.39,0,845.39,1047.13,0,0,0
9/26/2002,-0.23,839.66,0,839.66,1039.49925,0,0,0
10/3/2002,-0.13,827.91,0,827.91,1031.1715,0,0,0
10/10/2002,-0.26,776.76,0,776.76,1021.27775,0,0,1
10/17/2002,0,860.02,0,860.02,1014.13825,0,0,0
10/24/2002,0.11,896.14,0,896.14,1008.35225,0,0,0
10/31/2002,0.24,890.71,0,890.71,1002.288,0,0,0
11/7/2002,0.24,923.76,0,923.76,997.327,0,0,0
11/14/2002,0.16,882.53,0,882.53,991.98475,0,0,0
11/21/2002,0.29,914.15,0,914.15,987.234,0,0,0
11/28/2002,0.19,936.31,0,936.31,983.39575,0,0,0
12/5/2002,0.35,934.53,0,934.53,978.4645,0,0,0
12/12/2002,0.17,904.96,0,904.96,971.98075,0,0,0
12/19/2002,0.13,891.12,0,891.12,965.4065,0,0,0
12/26/2002,0.08,897.38,0,897.38,959.04475,0,0,0
1/2/2003,-0.05,879.82,0,879.82,952.42575,0,0,0
1/9/2003,-0.05,909.93,0,909.93,947.039,0,0,0
1/16/2003,0,918.22,0,918.22,941.73275,0,0,0
1/23/2003,-0.18,878.36,0,878.36,935.54,0,0,0
1/30/2003,-0.22,864.36,0,864.36,929.8205,0,0,0
2/6/2003,-0.03,843.59,0,843.59,923.74875,0,0,0
2/13/2003,-0.16,818.68,0,818.68,916.9945,0,0,0
2/20/2003,-0.37,845.13,0,845.13,910.846,0,0,1
2/27/2003,-0.21,827.55,0,827.55,904.38425,0,0,0
3/6/2003,-0.06,829.85,0,829.85,898.439,0,0,0
3/13/2003,-0.17,804.19,0,804.19,892.29625,0,0,0
3/20/2003,0.05,874.02,0,874.02,888.64025,0,0,0
3/27/2003,0.07,869.95,0,869.95,884.88925,0,0,0
4/3/2003,-0.06,880.9,0,880.9,882.5735,0,0,0
4/10/2003,0.08,865.99,0,865.99,879.4975,0,0,0
4/17/2003,0.15,879.91,0,879.91,878.4835,0,0,0
4/24/2003,0.44,919.02,0,919.02,878.808,-1,-1,0
5/1/2003,0.23,916.92,0,916.92,880.64525,0,0,0
5/8/2003,0.34,934.39,0,934.39,881.2145,0,0,0
5/15/2003,0.47,942.3,0,942.3,882.85275,-1,0,0
5/22/2003,0.03,923.42,0,923.42,882.94775,0,0,0
5/29/2003,0.49,963.59,0,963.59,883.3035,-1,0,0
6/5/2003,0.33,986.24,0,986.24,885.01275,0,0,0
6/12/2003,0.21,997.48,0,997.48,887.61475,0,0,0
6/19/2003,0.21,1010.09,0,1010.09,890.13075,0,0,0
6/26/2003,0.63,976.22,0,976.22,893.4015,-1,0,0
7/3/2003,0.06,985.7,0,985.7,897.0525,0,0,0
7/10/2003,0.12,998.14,0,998.14,901.30825,0,0,0
7/17/2003,0.23,993.32,0,993.32,906.72225,0,0,0
7/24/2003,0.21,998.68,0,998.68,910.18875,0,0,0
7/31/2003,0.35,980.15,0,980.15,912.289,0,0,0
8/7/2003,0.13,977.59,0,977.59,914.461,0,0,0
8/14/2003,0.27,990.67,0,990.67,916.13375,0,0,0
8/21/2003,0.44,993.06,0,993.06,918.897,-1,0,0
8/28/2003,0.34,1008.01,0,1008.01,921.2435,0,0,0
9/4/2003,0.46,1021.39,0,1021.39,923.3705,-1,0,0
9/11/2003,0.41,1018.63,0,1018.63,925.473,0,0,0
9/18/2003,0.43,1036.3,0,1036.3,928.7565,-1,0,0
9/25/2003,0.35,996.85,0,996.85,931.39975,0,0,0
10/2/2003,0.21,1029.85,0,1029.85,934.7115,0,0,0
10/9/2003,0.34,1038.06,0,1038.06,938.6675,0,0,0
10/16/2003,0.47,1046.76,0,1046.76,942.08825,-1,0,0
10/23/2003,0.36,1030.36,0,1030.36,944.89175,0,0,0
10/30/2003,0.39,1048.11,0,1048.11,949.1355,0,0,0
11/6/2003,0.41,1051.81,0,1051.81,953.82175,0,0,0
11/13/2003,0.39,1058.53,0,1058.53,959.19525,0,0,0
11/20/2003,0.32,1042.44,0,1042.44,964.78925,0,0,0
11/27/2003,0.4,1058.2,0,1058.2,970.116,0,0,0
12/4/2003,0.55,1064.73,0,1064.73,976.0455,-1,0,0
12/11/2003,0.34,1074.14,0,1074.14,982.15275,0,0,0
12/18/2003,0.41,1076.48,0,1076.48,988.96,0,0,0
12/26/2003,0.48,1095.89,0,1095.89,994.50675,-1,0,0
1/1/2004,0.49,1108.48,0,1108.48,1000.47,-1,0,0
1/8/2004,0.49,1126.33,0,1126.33,1006.60575,-1,0,0
1/15/2004,0.56,1130.52,0,1130.52,1013.219,-1,0,0
1/22/2004,0.56,1147.62,0,1147.62,1019.91175,-1,0,0
1/29/2004,0.42,1128.48,0,1128.48,1025.14825,0,0,0
2/5/2004,0.29,1126.52,0,1126.52,1030.38825,0,0,0
2/12/2004,0.41,1157.76,0,1157.76,1035.9725,0,0,0
2/19/2004,0.35,1151.82,0,1151.82,1041.2105,0,0,0
2/26/2004,0.11,1143.67,0,1143.67,1046.71675,0,0,0
3/4/2004,0.35,1151.03,0,1151.03,1051.40275,0,0,0
3/11/2004,0.08,1123.89,0,1123.89,1054.844,0,0,0
3/18/2004,0.12,1123.75,0,1123.75,1058.00075,0,0,0
3/25/2004,-0.11,1091.33,0,1091.33,1060.03175,0,0,0
4/1/2004,0.33,1126.21,0,1126.21,1063.7815,0,0,0
4/8/2004,0.39,1140.53,0,1140.53,1067.65225,0,0,0
4/15/2004,0.5,1128.17,0,1128.17,1070.903,-1,0,0
4/22/2004,0.28,1124.09,0,1124.09,1074.17225,0,0,0
4/29/2004,0.29,1122.41,0,1122.41,1077.2655,0,0,0
5/6/2004,0.12,1121.53,0,1121.53,1080.8,0,0,0
5/13/2004,-0.11,1097.28,0,1097.28,1083.79225,0,0,0
5/20/2004,-0.03,1088.68,0,1088.68,1086.2425,0,0,0
5/27/2004,-0.04,1114.94,0,1114.94,1089.2895,0,0,0
6/3/2004,0.07,1124.99,0,1124.99,1092.214,0,0,0
6/10/2004,0.39,1131.33,0,1131.33,1094.9625,0,0,0
6/17/2004,0.13,1133.56,0,1133.56,1097.83575,0,0,0
6/24/2004,0.33,1144.06,0,1144.06,1100.52975,0,0,0
7/1/2004,0.41,1140.84,0,1140.84,1104.1295,0,0,0
7/8/2004,0.34,1118.33,0,1118.33,1106.3415,0,0,0
7/15/2004,0.24,1111.47,0,1111.47,1108.17675,0,0,0
7/22/2004,0.12,1093.88,0,1093.88,1109.35475,0,0,0
7/29/2004,-0.02,1095.42,0,1095.42,1110.98125,0,0,0
8/5/2004,-0.03,1098.63,0,1098.63,1112.24425,0,0,0
8/12/2004,-0.01,1075.79,0,1075.79,1112.84375,0,0,0
8/19/2004,0,1095.17,0,1095.17,1113.75975,0,0,0
8/26/2004,0.16,1104.96,0,1104.96,1115.32275,0,0,0
9/2/2004,0.13,1105.91,0,1105.91,1116.5155,0,0,0
9/9/2004,0.27,1121.3,0,1121.3,1117.92975,0,0,0
9/16/2004,0.14,1125.82,0,1125.82,1119.22175,0,0,0
9/23/2004,0.24,1122.2,0,1122.2,1120.36475,0,0,0
9/30/2004,0.02,1114.8,0,1114.8,1120.8375,0,0,0
10/7/2004,0.37,1142.05,0,1142.05,1121.67675,0,0,0
10/14/2004,0.16,1113.65,0,1113.65,1121.35975,0,0,0
10/21/2004,0.14,1103.66,0,1103.66,1120.68825,0,0,0
10/28/2004,0.11,1125.4,0,1125.4,1120.13275,0,0,0
11/4/2004,0.34,1143.2,0,1143.2,1120.50075,0,0,0
11/11/2004,0.41,1162.91,0,1162.91,1121.4105,0,0,0
11/18/2004,0.42,1181.94,0,1181.94,1122.015,0,0,0
11/24/2004,0.23,1181.76,0,1181.76,1122.7635,0,0,0
12/2/2004,0.31,1191.37,0,1191.37,1123.956,0,0,0
12/9/2004,0.26,1182.81,0,1182.81,1124.7505,0,0,0
12/16/2004,0.33,1205.72,0,1205.72,1126.79625,0,0,0
12/23/2004,0.42,1209.57,0,1209.57,1128.94175,0,0,0
12/30/2004,0.4,1213.45,0,1213.45,1131.99475,0,0,0
1/6/2005,0.04,1183.74,0,1183.74,1133.433,0,0,0
1/13/2005,-0.06,1184.52,0,1184.52,1134.53275,0,0,0
1/20/2005,0,1184.52,0,1184.52,1135.9415,0,0,0
1/27/2005,-0.1,1174.07,0,1174.07,1137.191,0,0,0
2/3/2005,0.17,1193.19,0,1193.19,1138.9605,0,0,0
2/10/2005,0.21,1191.99,0,1191.99,1140.722,0,0,0
2/17/2005,0.06,1210.34,0,1210.34,1143.5485,0,0,0
2/24/2005,0,1190.8,0,1190.8,1146.1015,0,0,0
3/3/2005,0.12,1210.08,0,1210.08,1148.48,0,0,0
3/10/2005,0.25,1207.01,0,1207.01,1150.5305,0,0,0
3/17/2005,0,1188.07,0,1188.07,1151.949,0,0,0
3/24/2005,-0.19,1172.53,0,1172.53,1152.92325,0,0,0
3/31/2005,-0.23,1181.41,0,1181.41,1153.857,0,0,0
4/7/2005,-0.16,1184.07,0,1184.07,1154.93775,0,0,0
4/14/2005,-0.25,1173.79,0,1173.79,1156.32425,0,1,1
4/21/2005,0.04,1137.51,0,1137.51,1156.97525,0,0,0
4/28/2005,-0.05,1156.38,0,1156.38,1158.53775,0,0,0
5/5/2005,-0.16,1171.35,0,1171.35,1160.436,0,0,0
5/12/2005,-0.06,1171.11,0,1171.11,1162.248,0,0,0
5/19/2005,0.1,1185.56,0,1185.56,1164.99225,0,0,0
5/26/2005,0.21,1190.01,0,1190.01,1167.36325,0,0,0
6/2/2005,0.29,1202.22,0,1202.22,1169.79475,0,0,0
6/9/2005,0.26,1197.26,0,1197.26,1172.0785,0,0,0
6/16/2005,0.29,1206.58,0,1206.58,1174.2105,0,0,0
6/23/2005,0.28,1213.88,0,1213.88,1176.412,0,0,0
6/30/2005,0.16,1199.85,0,1199.85,1178.35325,0,0,0
7/7/2005,0.23,1194.94,0,1194.94,1180.35675,0,0,0
7/14/2005,0.44,1227.92,0,1227.92,1182.5035,-1,0,0
7/21/2005,0.14,1235.2,0,1235.2,1185.54225,0,0,0
7/28/2005,0.4,1236.79,0,1236.79,1188.8705,0,0,0
8/4/2005,0.22,1245.04,0,1245.04,1191.8615,0,0,0
8/11/2005,0.11,1229.13,0,1229.13,1194.00975,0,0,0
8/18/2005,-0.11,1220.24,0,1220.24,1195.443,0,0,0
8/25/2005,0.05,1217.59,0,1217.59,1196.33425,0,0,0
9/1/2005,-0.06,1220.33,0,1220.33,1197.2985,0,0,0
9/8/2005,0.1,1236.36,0,1236.36,1198.42325,0,0,0
9/15/2005,0.23,1227.16,0,1227.16,1199.532,0,0,0
9/22/2005,0.07,1210.2,0,1210.2,1199.644,0,0,0
9/29/2005,-0.07,1216.89,0,1216.89,1199.827,0,0,0
10/6/2005,0.23,1196.39,0,1196.39,1199.4005,0,0,0
10/13/2005,-0.09,1177.68,0,1177.68,1199.249,0,0,0
10/20/2005,0.07,1195.76,0,1195.76,1199.53,0,0,0
10/27/2005,-0.14,1191.38,0,1191.38,1199.7015,0,0,0
11/3/2005,0.15,1214.76,0,1214.76,1200.71875,0,0,0
11/10/2005,0.36,1220.65,0,1220.65,1201.40525,0,0,0
11/17/2005,0.32,1234.72,0,1234.72,1202.4735,0,0,0
11/24/2005,0.41,1265.61,0,1265.61,1203.85525,0,0,0
12/1/2005,0.29,1249.48,0,1249.48,1205.32225,0,0,0
12/8/2005,0.31,1257.37,0,1257.37,1206.5045,0,0,0
12/15/2005,0.24,1267.43,0,1267.43,1208.015,0,0,0
12/22/2005,0.13,1268.66,0,1268.66,1210.02975,0,0,0
12/29/2005,0.01,1258.17,0,1258.17,1212.17075,0,0,0
1/5/2006,-0.11,1273.46,0,1273.46,1214.472,0,0,0
1/12/2006,0.4,1294.18,0,1294.18,1217.22475,0,0,0
1/19/2006,0.24,1277.93,0,1277.93,1219.82825,0,0,0
1/26/2006,-0.03,1283.72,0,1283.72,1223.4835,0,0,0
2/2/2006,0.11,1282.46,0,1282.46,1226.6355,0,0,0
2/9/2006,0.06,1265.65,0,1265.65,1228.993,0,0,0
2/16/2006,0.04,1280,0,1280,1231.71525,0,0,0
2/23/2006,0.15,1292.67,0,1292.67,1234.393,0,0,0
3/2/2006,0.12,1291.24,0,1291.24,1236.92375,0,0,0
3/9/2006,0.1,1278.47,0,1278.47,1238.83,0,0,0
3/16/2006,0.14,1303.02,0,1303.02,1241.474,0,0,0
3/23/2006,0.16,1305.04,0,1305.04,1243.9355,0,0,0
3/30/2006,0.05,1302.89,0,1302.89,1246.16075,0,0,0
4/6/2006,0.24,1311.56,0,1311.56,1248.9535,0,0,0
4/13/2006,0.18,1288.12,0,1288.12,1251.283,0,0,0
4/20/2006,-0.07,1309.93,0,1309.93,1253.33325,0,0,0
4/27/2006,0.06,1310.61,0,1310.61,1255.2185,0,0,0
5/4/2006,0.12,1308.12,0,1308.12,1257.00175,0,0,0
5/11/2006,0.27,1322.85,0,1322.85,1258.947,0,0,0
5/18/2006,-0.04,1270.32,0,1270.32,1259.97675,0,0,0
5/25/2006,-0.13,1258.57,0,1258.57,1260.935,0,0,0
6/1/2006,-0.19,1285.71,0,1285.71,1262.638,0,0,0
6/8/2006,-0.19,1249.72,0,1249.72,1263.37275,0,0,0
6/15/2006,-0.29,1243.04,0,1243.04,1263.53975,0,0,1
6/22/2006,-0.07,1244.7,0,1244.7,1263.97825,0,0,0
6/29/2006,-0.01,1255.88,0,1255.88,1265.12025,0,0,0
7/6/2006,-0.05,1274.08,0,1274.08,1266.55,0,0,0
7/13/2006,-0.03,1242.28,0,1242.28,1267.69725,0,0,0
7/20/2006,-0.34,1255.69,0,1255.69,1269.6475,0,0,1
7/27/2006,-0.08,1268.4,0,1268.4,1271.4635,0,0,0
8/3/2006,-0.16,1280.27,0,1280.27,1273.68575,0,0,0
8/10/2006,-0.05,1271.81,0,1271.81,1275.112,0,0,0
8/17/2006,-0.05,1294.21,0,1294.21,1276.951,0,0,0
8/24/2006,0.02,1291.94,0,1291.94,1278.3815,0,0,0
8/31/2006,0.16,1302.93,0,1302.93,1279.3145,0,0,0
9/7/2006,0.13,1297.79,0,1297.79,1280.52225,0,0,0
9/14/2006,0.1,1316.28,0,1316.28,1281.995,0,0,0
9/21/2006,0.14,1326.9,0,1326.9,1283.48175,0,0,0
9/28/2006,0.18,1336.87,0,1336.87,1285.187,0,0,0
10/5/2006,-0.09,1348.56,0,1348.56,1287.44675,0,0,0
10/12/2006,0.11,1357.88,0,1357.88,1289.55725,0,0,0
10/19/2006,0.24,1366.96,0,1366.96,1291.37675,0,0,0
10/26/2006,0.22,1385.15,0,1385.15,1294.05725,0,0,0
11/2/2006,0.07,1366.31,0,1366.31,1296.122,0,0,0
11/9/2006,0.24,1378.33,0,1378.33,1298.51875,0,0,0
11/16/2006,0.16,1400.08,0,1400.08,1301.8795,0,0,0
11/23/2006,0,1406.09,0,1406.09,1305.03175,0,0,0
11/30/2006,-0.07,1395.97,0,1395.97,1307.61425,0,0,0
12/7/2006,-0.03,1412.9,0,1412.9,1310.65575,0,0,0
12/14/2006,0.03,1422.34,0,1422.34,1314.2525,0,0,0
12/21/2006,-0.03,1425.84,0,1425.84,1317.323,0,0,0
12/28/2006,0.1,1424.73,0,1424.73,1320.31525,0,0,0
1/4/2007,0.2,1418.34,0,1418.34,1323.2015,0,0,0
1/11/2007,0.1,1418.78,0,1418.78,1325.882,0,0,0
1/18/2007,0.31,1426.37,0,1426.37,1329.33825,0,0,0
1/25/2007,0.06,1436.31,0,1436.31,1332.49775,0,0,0
2/1/2007,0.16,1445.94,0,1445.94,1335.881,0,0,0
2/8/2007,0.16,1450.02,0,1450.02,1339.4285,0,0,0
2/15/2007,0.17,1456.81,0,1456.81,1342.7775,0,0,0
2/22/2007,0.32,1459.85,0,1459.85,1347.51575,0,0,0
3/1/2007,-0.03,1406.01,0,1406.01,1351.20175,0,0,0
3/8/2007,-0.09,1406.18,0,1406.18,1354.2135,0,0,0
3/15/2007,-0.12,1392.28,0,1392.28,1357.7775,0,0,0
3/22/2007,0.11,1431.64,0,1431.64,1362.4925,0,0,0
3/29/2007,0.17,1422.53,0,1422.53,1366.93825,0,0,0
4/5/2007,-0.08,1439.37,0,1439.37,1371.5255,0,0,0
4/12/2007,0.03,1438.87,0,1438.87,1375.64525,0,0,0
4/19/2007,0.17,1472.5,0,1472.5,1381.40075,0,0,0
4/26/2007,0.01,1495.42,0,1495.42,1387.394,0,0,0
5/3/2007,-0.26,1495.92,0,1495.92,1393.082,0,0,1
5/10/2007,0,1512.58,0,1512.58,1398.88975,0,0,0
5/17/2007,0.02,1514.14,0,1514.14,1404.948,0,0,0
5/24/2007,-0.01,1522.28,0,1522.28,1410.64975,0,0,0
5/31/2007,-0.11,1530.23,0,1530.23,1416.607,0,0,0
6/7/2007,-0.02,1517.38,0,1517.38,1421.96825,0,0,0
6/14/2007,-0.06,1515.67,0,1515.67,1427.41525,0,0,0
6/21/2007,0.09,1512.84,0,1512.84,1432.32925,0,0,0
6/28/2007,0.03,1515.67,0,1515.67,1437.0485,0,0,0
7/5/2007,0.11,1524.87,0,1524.87,1441.7485,0,0,0
7/12/2007,0.14,1518.76,0,1518.76,1446.0035,0,0,0
7/19/2007,0.05,1546.17,0,1546.17,1450.71075,0,0,0
7/26/2007,0.07,1517.91,0,1517.91,1454.4845,0,0,0
8/2/2007,0.06,1451.59,0,1451.59,1456.1455,0,0,0
8/9/2007,0.07,1497.49,0,1497.49,1459.425,0,0,0
8/16/2007,-0.03,1406.7,0,1406.7,1460.13425,0,0,0
8/23/2007,-0.02,1464.07,0,1464.07,1461.734,0,0,0
8/30/2007,-0.06,1463.76,0,1463.76,1463.17575,0,0,0
9/6/2007,-0.04,1472.29,0,1472.29,1465.08375,0,0,0
9/13/2007,0.05,1471.56,0,1471.56,1466.55025,0,0,0
9/20/2007,0.08,1529.03,0,1529.03,1469.2175,0,0,0
9/27/2007,0.15,1525.42,0,1525.42,1471.707,0,0,0
10/4/2007,0.27,1539.59,0,1539.59,1474.5785,0,0,0
10/11/2007,0.29,1562.47,0,1562.47,1478.18175,0,0,0
10/18/2007,0.06,1541.24,0,1541.24,1481.24325,0,0,0
10/25/2007,-0.17,1515.88,0,1515.88,1483.481,0,0,0
11/1/2007,0.08,1549.38,0,1549.38,1486.30775,0,0,0
11/8/2007,-0.15,1475.62,0,1475.62,1487.04975,0,0,0
11/15/2007,-0.17,1470.58,0,1470.58,1487.56375,0,0,0
11/22/2007,-0.27,1416.77,0,1416.77,1486.56275,0,0,1
11/29/2007,-0.28,1469.02,0,1469.02,1486.792,0,0,1
12/6/2007,0.01,1485.01,0,1485.01,1488.767,0,0,0
12/13/2007,0.12,1479.66,0,1479.66,1490.604,0,0,0
12/20/2007,-0.11,1453,0,1453,1492.122,0,0,0
12/27/2007,-0.2,1496.45,0,1496.45,1493.74225,0,0,0
1/3/2008,-0.3,1450.38,0,1450.38,1494.4385,0,0,1
1/10/2008,-0.39,1409.13,0,1409.13,1493.6825,0,0,1
1/17/2008,-0.3,1373.2,0,1373.2,1492.04075,0,0,1
1/24/2008,-0.34,1338.6,0,1338.6,1488.69325,0,0,1
1/31/2008,-0.19,1355.81,0,1355.81,1485.203,0,0,0
2/7/2008,-0.13,1326.45,0,1326.45,1480.96625,0,0,0
2/14/2008,-0.09,1367.21,0,1367.21,1477.332,0,0,0
2/21/2008,-0.12,1348.78,0,1348.78,1473.198,0,0,0
2/28/2008,-0.11,1380.02,0,1380.02,1469.6415,0,0,0
3/6/2008,-0.3,1333.7,0,1333.7,1464.72825,0,0,1
3/13/2008,-0.39,1308.77,0,1308.77,1459.513,0,0,1
3/20/2008,-0.29,1298.42,0,1298.42,1454.08175,0,0,1
3/27/2008,0.08,1341.13,0,1341.13,1449.789,0,0,0
4/3/2008,-0.03,1367.53,0,1367.53,1446.0855,0,0,0
4/10/2008,0.08,1354.49,0,1354.49,1441.826,0,0,0
4/17/2008,-0.18,1364.71,0,1364.71,1437.97475,0,0,0
4/24/2008,0.19,1379.93,0,1379.93,1433.81875,0,0,0
5/1/2008,0.27,1385.59,0,1385.59,1430.51075,0,0,0
5/8/2008,0.28,1389.39,0,1389.39,1428.95575,0,0,0
5/15/2008,0.15,1408.66,0,1408.66,1426.735,0,0,0
5/22/2008,0.12,1390.71,0,1390.71,1426.33525,0,0,0
5/29/2008,-0.14,1390.84,0,1390.84,1424.5045,0,0,0
6/5/2008,0.05,1377.2,0,1377.2,1422.3405,0,0,0
6/12/2008,-0.22,1335.49,0,1335.49,1418.9205,0,0,0
6/19/2008,-0.13,1337.81,0,1337.81,1415.57675,0,0,0
6/26/2008,-0.21,1321.97,0,1321.97,1410.40025,0,0,0
7/3/2008,-0.28,1261.52,0,1261.52,1403.80275,0,0,1
7/10/2008,-0.33,1244.69,0,1244.69,1396.43025,0,0,1
7/17/2008,-0.33,1245.36,0,1245.36,1388.5025,0,0,1
7/24/2008,-0.08,1282.19,0,1282.19,1382.02625,0,0,0
7/31/2008,-0.01,1284.26,0,1284.26,1376.23575,0,0,0
8/7/2008,-0.07,1289.19,0,1289.19,1369.731,0,0,0
8/14/2008,0.04,1285.83,0,1285.83,1364.98625,0,0,0
8/21/2008,0.01,1274.54,0,1274.54,1360.08525,0,0,0
8/28/2008,-0.15,1281.66,0,1281.66,1356.7075,0,0,0
9/4/2008,-0.06,1274.98,0,1274.98,1351.8565,0,0,0
9/11/2008,-0.26,1232.04,0,1232.04,1345.53225,0,0,1
9/18/2008,-0.27,1156.39,0,1156.39,1337.4505,0,0,1
9/25/2008,-0.12,1185.87,0,1185.87,1330.77225,0,0,0
10/2/2008,-0.22,1161.06,0,1161.06,1322.3875,0,0,0
10/9/2008,-0.29,984.94,0,984.94,1310.7515,0,0,1
10/16/2008,0.01,907.84,0,907.84,1298.21925,0,0,0
10/23/2008,0,896.78,0,896.78,1286.30875,0,0,0
10/30/2008,-0.03,930.09,0,930.09,1276.096,0,0,0
11/6/2008,0.12,952.77,0,952.77,1266.02,0,0,0
11/13/2008,-0.04,852.3,0,852.3,1254.16625,0,0,0
11/20/2008,-0.33,806.58,0,806.58,1240.1505,0,0,1
11/27/2008,-0.14,887.68,0,887.68,1228.623,0,0,0
12/4/2008,-0.21,870.74,0,870.74,1215.891,0,0,0
12/11/2008,-0.02,899.24,0,899.24,1205.0295,0,0,0
12/18/2008,0.04,904.42,0,904.42,1194.92075,0,0,0
12/25/2008,-0.15,872.8,0,872.8,1184.28025,0,0,0
1/1/2009,-0.31,903.25,0,903.25,1173.33325,0,0,1
1/8/2009,0.14,906.65,0,906.65,1161.81125,0,0,0
1/15/2009,-0.2,842.62,0,842.62,1149.0145,0,0,0
1/22/2009,-0.19,840.24,0,840.24,1135.90275,0,0,0
1/29/2009,-0.22,874.09,0,874.09,1123.25675,0,0,0
2/5/2009,-0.19,832.23,0,832.23,1109.42275,0,0,0
2/12/2009,-0.06,833.74,0,833.74,1095.5315,0,0,0
2/19/2009,-0.35,788.42,0,788.42,1080.0255,0,0,1
2/26/2009,-0.31,764.9,0,764.9,1064.38025,0,0,1
3/5/2009,-0.51,712.87,0,712.87,1047.431,0,0,1
3/12/2009,-0.27,721.36,0,721.36,1031.035,0,0,1
3/19/2009,0.07,794.35,0,794.35,1017.5065,0,0,0
3/26/2009,-0.03,813.88,0,813.88,1004.40825,0,0,0
4/2/2009,0.06,811.08,0,811.08,991.636,0,0,0
4/9/2009,-0.09,825.16,0,825.16,980.727,0,0,0
4/16/2009,0.08,841.5,0,841.5,970.64725,0,0,0
4/23/2009,-0.07,843.55,0,843.55,960.602,0,0,0
4/30/2009,-0.08,873.64,0,873.64,950.38825,0,0,0
5/7/2009,0.11,919.53,0,919.53,941.27,0,0,0
5/14/2009,0.09,883.92,0,883.92,931.13825,0,0,0
5/21/2009,-0.12,903.47,0,903.47,921.57925,0,0,0
5/28/2009,-0.08,893.06,0,893.06,912.04225,0,0,0
6/4/2009,0.11,931.76,0,931.76,903.29475,0,0,0
6/11/2009,0,939.15,0,939.15,894.899,0,0,0
6/18/2009,-0.13,910.71,0,910.71,886.86575,0,0,0
6/25/2009,-0.21,900.94,0,900.94,880.4795,0,0,0
7/2/2009,-0.07,923.33,0,923.33,873.916,0,0,0
7/9/2009,-0.27,879.56,0,879.56,866.8785,0,0,1
7/16/2009,-0.18,932.68,0,932.68,865.572,0,0,0
7/23/2009,-0.05,954.07,0,954.07,866.72775,0,0,0
7/30/2009,0.16,975.15,0,975.15,868.687,0,0,0
8/6/2009,0.15,1002.72,0,1002.72,870.50275,0,0,0
8/13/2009,0.18,1005.81,0,1005.81,871.82875,0,0,0
8/20/2009,-0.06,996.46,0,996.46,875.43275,0,0,0
8/27/2009,-0.15,1028.12,0,1028.12,880.97125,0,0,0
9/3/2009,0,994.75,0,994.75,883.648,0,0,0
9/10/2009,-0.07,1033.37,0,1033.37,887.71375,0,0,0
9/17/2009,0.02,1068.76,0,1068.76,891.95175,0,0,0
9/24/2009,-0.05,1060.87,0,1060.87,895.863,0,0,0
10/1/2009,0.08,1057.08,0,1057.08,900.47,0,0,0
10/8/2009,-0.06,1057.58,0,1057.58,904.32825,0,0,0
10/15/2009,0.14,1092.02,0,1092.02,908.9625,0,0,0
10/22/2009,0.05,1081.4,0,1081.4,914.932,0,0,0
10/29/2009,-0.09,1042.63,0,1042.63,919.99175,0,0,0
11/5/2009,-0.33,1046.5,0,1046.5,924.302,0,0,1
11/12/2009,0,1098.51,0,1098.51,930.959,0,0,0
11/19/2009,0.11,1109.8,0,1109.8,937.8605,0,0,0
11/26/2009,0,1110.63,0,1110.63,945.91575,0,0,0
12/3/2009,0.08,1109.24,0,1109.24,954.52425,0,0,0
12/10/2009,0.07,1095.95,0,1095.95,964.10125,0,0,0
12/17/2009,0.14,1109.18,0,1109.18,973.79675,0,0,0
12/24/2009,0,1127.78,0,1127.78,982.1325,0,0,0
12/31/2009,0.26,1115.1,0,1115.1,989.663,0,0,0
1/7/2010,0.15,1137.14,0,1137.14,997.8145,0,0,0
1/14/2010,0.21,1145.68,0,1145.68,1005.8275,0,0,0
1/21/2010,0.05,1138.04,0,1138.04,1013.241,0,0,0
1/28/2010,-0.02,1097.5,0,1097.5,1019.58975,0,0,0
2/4/2010,-0.14,1097.28,0,1097.28,1025.18075,0,0,0
2/11/2010,-0.05,1068.13,0,1068.13,1028.89575,0,0,0
2/18/2010,0.01,1099.51,0,1099.51,1034.2855,0,0,0
2/25/2010,0.05,1094.6,0,1094.6,1039.06375,0,0,0
3/4/2010,0.1,1118.79,0,1118.79,1044.707,0,0,0
3/11/2010,0.2,1145.61,0,1145.61,1050.05325,0,0,0
3/18/2010,0.05,1166.21,0,1166.21,1055.72975,0,0,0
3/25/2010,-0.02,1167.72,0,1167.72,1062.155,0,0,0
4/1/2010,0.1,1169.43,0,1169.43,1068.86725,0,0,0
4/8/2010,0.13,1182.45,0,1182.45,1075.34525,0,0,0
4/15/2010,0.19,1210.65,0,1210.65,1083.6225,0,0,0
4/22/2010,0.04,1205.94,0,1205.94,1090.454,0,0,0
4/29/2010,0.13,1191.36,0,1191.36,1096.38625,0,0,0
5/6/2010,0.11,1165.87,0,1165.87,1101.15425,0,0,0
5/13/2010,0,1171.67,0,1171.67,1105.378,0,0,0
5/20/2010,0.08,1115.05,0,1115.05,1108.109,0,0,0
5/27/2010,-0.21,1067.95,0,1067.95,1109.89625,0,0,0
6/3/2010,-0.04,1098.38,0,1098.38,1111.65275,0,0,0
6/10/2010,-0.09,1055.69,0,1055.69,1113.17625,0,0,0
6/17/2010,0.12,1114.61,0,1114.61,1115.20725,0,0,0
6/24/2010,0.02,1092.04,0,1092.04,1115.78925,0,0,0
7/1/2010,-0.17,1030.71,0,1030.71,1115.03525,0,0,0
7/8/2010,-0.36,1060.27,0,1060.27,1115.115,0,0,1
7/15/2010,0.02,1095.17,0,1095.17,1116.05475,0,0,0
7/22/2010,-0.13,1069.59,0,1069.59,1115.494,0,0,0
7/29/2010,0.07,1106.13,0,1106.13,1116.11225,0,0,0
8/5/2010,-0.08,1127.24,0,1127.24,1118.2275,0,0,0
8/12/2010,0.1,1089.47,0,1089.47,1119.30175,0,0,0
8/19/2010,-0.12,1094.16,0,1094.16,1119.193,0,0,0
8/26/2010,-0.29,1055.33,0,1055.33,1117.83125,0,0,1
9/2/2010,-0.11,1080.29,0,1080.29,1117.07275,0,0,0
9/9/2010,0.12,1091.84,0,1091.84,1116.63775,0,0,0
9/16/2010,0.27,1125.07,0,1125.07,1117.36575,0,0,0
9/23/2010,0.2,1134.24,0,1134.24,1117.99225,0,0,0
9/30/2010,0.11,1144.73,0,1144.73,1118.416,0,0,0
10/7/2010,0.21,1159.97,0,1159.97,1119.53775,0,0,0
10/14/2010,0.2,1178.1,0,1178.1,1120.56175,0,0,0
10/21/2010,0.24,1178.17,0,1178.17,1121.374,0,0,0
10/28/2010,0.3,1182.45,0,1182.45,1122.48425,0,0,0
11/4/2010,0.18,1197.96,0,1197.96,1124.99575,0,0,0
11/11/2010,0.29,1225.85,0,1225.85,1128.21,0,0,0
11/18/2010,0.08,1223.25,0,1223.25,1132.088,0,0,0
11/25/2010,0.23,1199.73,0,1199.73,1134.5935,0,0,0
12/2/2010,0.23,1206.07,0,1206.07,1137.38025,0,0,0
12/9/2010,0.3,1228.28,0,1228.28,1140.1175,0,0,0
12/16/2010,0.23,1241.59,0,1241.59,1142.517,0,0,0
12/23/2010,0.47,1258.84,0,1258.84,1144.83275,-1,-1,0
12/30/2010,0.32,1259.78,0,1259.78,1147.13425,0,0,0
1/6/2011,0.38,1276.56,0,1276.56,1149.8125,0,0,0
1/13/2011,0.29,1285.96,0,1285.96,1152.40025,0,0,0
1/20/2011,0.22,1295.02,0,1295.02,1154.5095,0,0,0
1/27/2011,0.08,1296.63,0,1296.63,1156.77675,0,0,0
2/3/2011,0.25,1304.03,0,1304.03,1159.5935,0,0,0
2/10/2011,0.22,1324.57,0,1324.57,1163.561,0,0,0
2/17/2011,0.21,1336.32,0,1336.32,1167.67725,0,0,0
2/24/2011,0,1343.01,0,1343.01,1173.37625,0,0,0
3/3/2011,0.04,1327.22,0,1327.22,1179.858,0,0,0
3/10/2011,0.04,1321.82,0,1321.82,1185.444,0,0,0
3/17/2011,-0.12,1304.28,0,1304.28,1191.65875,0,0,0
3/24/2011,0.03,1298.38,0,1298.38,1196.253,0,0,0
3/31/2011,0.11,1328.26,0,1328.26,1202.1585,0,0,0
4/7/2011,0.15,1335.54,0,1335.54,1209.77925,0,0,0
4/14/2011,0.11,1314.41,0,1314.41,1216.13275,0,0,0
4/21/2011,0.01,1330.36,0,1330.36,1222.0125,0,0,0
4/28/2011,0.07,1347.24,0,1347.24,1228.95375,0,0,0
5/5/2011,0.04,1363.61,0,1363.61,1235.39075,0,0,0
5/12/2011,-0.05,1357.16,0,1357.16,1241.13875,0,0,0
5/19/2011,-0.15,1348.65,0,1348.65,1247.61825,0,0,0
5/26/2011,-0.16,1343.6,0,1343.6,1253.85425,0,0,0
6/2/2011,-0.03,1314.55,0,1314.55,1260.33475,0,0,0
6/9/2011,-0.23,1300.16,0,1300.16,1265.8315,0,0,0
6/16/2011,-0.14,1289,0,1289,1270.7605,0,0,0
6/23/2011,0.02,1295.52,0,1295.52,1275.02175,0,0,0
6/30/2011,0.08,1307.41,0,1307.41,1279.351,0,0,0
7/7/2011,0.17,1339.67,0,1339.67,1284.2245,0,0,0
7/14/2011,0.1,1317.72,0,1317.72,1288.16825,0,0,0
7/21/2011,0.09,1325.84,0,1325.84,1291.86175,0,0,0
7/28/2011,0.06,1304.89,0,1304.89,1295.02975,0,0,0
8/4/2011,-0.23,1260.34,0,1260.34,1296.977,0,0,0
8/11/2011,-0.11,1120.76,0,1120.76,1295.047,0,0,0
8/18/2011,-0.04,1193.88,0,1193.88,1294.24775,0,0,0
8/25/2011,-0.05,1159.27,0,1159.27,1292.64825,0,0,0
9/1/2011,0.06,1218.89,0,1218.89,1293.12725,0,0,0
9/8/2011,-0.1,1198.62,0,1198.62,1292.941,0,0,0
9/15/2011,-0.11,1188.68,0,1188.68,1291.951,0,0,0
9/22/2011,-0.23,1166.76,0,1166.76,1290.08025,0,0,0
9/29/2011,-0.14,1151.06,0,1151.06,1287.38575,0,0,0
10/6/2011,-0.1,1144.04,0,1144.04,1284.49225,0,0,0
10/13/2011,0.03,1207.25,0,1207.25,1282.7595,0,0,0
10/20/2011,0.01,1209.88,0,1209.88,1280.8575,0,0,0
10/27/2011,0.18,1242,0,1242,1279.532,0,0,0
11/3/2011,0.11,1237.9,0,1237.9,1278.06375,0,0,0
11/10/2011,0.2,1229.1,0,1229.1,1276.1905,0,0,0
11/17/2011,0.11,1236.91,0,1236.91,1273.999,0,0,0
11/24/2011,-0.06,1158.67,0,1158.67,1269.55775,0,0,0
12/1/2011,-0.06,1246.96,0,1246.96,1267.1565,0,0,0
12/8/2011,0.04,1261.01,0,1261.01,1265.50125,0,0,0
12/15/2011,0.07,1211.82,0,1211.82,1262.75125,0,0,0
12/22/2011,0.05,1243.72,0,1243.72,1261.23725,0,0,0
12/29/2011,0.1,1249.64,0,1249.64,1260.01875,0,0,0
1/5/2012,0.32,1277.3,0,1277.3,1258.74475,0,0,0
1/12/2012,0.32,1295.5,0,1295.5,1257.74375,0,0,0
1/19/2012,0.24,1308.04,0,1308.04,1257.5845,0,0,0
1/26/2012,0.29,1326.06,0,1326.06,1257.477,0,0,0
2/2/2012,0.19,1324.09,0,1324.09,1256.89825,0,0,0
2/9/2012,0.31,1349.96,0,1349.96,1256.557,0,0,0
2/16/2012,0.16,1343.23,0,1343.23,1256.20875,0,0,0
2/23/2012,0.16,1357.66,0,1357.66,1256.434,0,0,0
3/1/2012,0.18,1365.68,0,1365.68,1256.986,0,0,0
3/8/2012,0.13,1352.63,0,1352.63,1257.938,0,0,0
3/15/2012,0.18,1394.28,0,1394.28,1260.291,0,0,0
3/22/2012,0.15,1402.89,0,1402.89,1263.13825,0,0,0
3/29/2012,0.17,1405.54,0,1405.54,1265.88875,0,0,0
4/5/2012,0.1,1398.96,0,1398.96,1268.1775,0,0,0
4/12/2012,-0.13,1368.71,0,1368.71,1268.9035,0,0,0
4/19/2012,-0.03,1385.14,0,1385.14,1270.589,0,0,0
4/26/2012,-0.1,1390.69,0,1390.69,1272.21025,0,0,0
5/3/2012,0.07,1402.31,0,1402.31,1274.64575,0,0,0
5/10/2012,-0.17,1354.58,0,1354.58,1277.00175,0,0,0
5/17/2012,-0.22,1324.8,0,1324.8,1282.10275,0,0,0
5/24/2012,-0.08,1318.86,0,1318.86,1285.22725,0,0,0
5/31/2012,-0.14,1313.32,0,1313.32,1289.0785,0,0,0
6/7/2012,-0.18,1315.13,0,1315.13,1291.4845,0,0,0
6/14/2012,-0.02,1314.88,0,1314.88,1294.391,0,0,0
6/21/2012,-0.03,1355.69,0,1355.69,1298.56625,0,0,0
6/28/2012,-0.16,1331.85,0,1331.85,1302.6935,0,0,0
7/5/2012,-0.01,1374.02,0,1374.02,1308.2675,0,0,0
7/12/2012,-0.05,1341.45,0,1341.45,1313.20275,0,0,0
7/19/2012,-0.2,1372.78,0,1372.78,1317.341,0,0,0
7/26/2012,-0.15,1337.89,0,1337.89,1320.54125,0,0,0
8/2/2012,-0.04,1375.14,0,1375.14,1323.86975,0,0,0
8/9/2012,0.09,1402.22,0,1402.22,1327.97775,0,0,0
8/16/2012,0.09,1405.53,0,1405.53,1332.3885,0,0,0
8/23/2012,0.16,1413.49,0,1413.49,1336.803,0,0,0
8/30/2012,0.02,1410.49,0,1410.49,1343.0985,0,0,0
9/6/2012,0,1403.44,0,1403.44,1347.0105,0,0,0
9/13/2012,0.03,1436.56,0,1436.56,1351.39925,0,0,0
9/20/2012,0.04,1461.05,0,1461.05,1357.63,0,0,0
9/27/2012,0,1433.32,0,1433.32,1362.37,0,0,0
10/4/2012,0.01,1450.99,0,1450.99,1367.40375,0,0,0
10/11/2012,-0.08,1432.56,0,1432.56,1371.28525,0,0,0
10/18/2012,-0.16,1460.91,0,1460.91,1375.4205,0,0,0
10/25/2012,-0.14,1408.75,0,1408.75,1377.93825,0,0,0
11/1/2012,-0.05,1412.16,0,1412.16,1380.09075,0,0,0
11/8/2012,-0.01,1394.53,0,1394.53,1381.85175,0,0,0
11/15/2012,-0.2,1355.49,0,1355.49,1381.99,0,0,0
11/22/2012,-0.05,1391.03,0,1391.03,1383.185,0,0,0
11/28/2012,0.07,1409.93,0,1409.93,1384.49175,0,0,0
12/6/2012,0.08,1409.28,0,1409.28,1385.58175,0,0,0
12/13/2012,0.13,1428.48,0,1428.48,1387.478,0,0,0
12/20/2012,0.22,1435.81,0,1435.81,1388.51625,0,0,0
12/27/2012,0.14,1419.83,0,1419.83,1388.93975,0,0,0
1/3/2013,0.03,1462.42,0,1462.42,1390.36175,0,0,0
1/10/2013,0.2,1461.02,0,1461.02,1391.91325,0,0,0
1/17/2013,0.17,1472.63,0,1472.63,1394.51125,0,0,0
1/24/2013,0.28,1494.81,0,1494.81,1397.253,0,0,0
1/31/2013,0.24,1501.96,0,1501.96,1400.03475,0,0,0
2/7/2013,0.13,1512.12,0,1512.12,1402.78,0,0,0
2/14/2013,0.14,1520.33,0,1520.33,1406.92375,0,0,0
2/21/2013,0.09,1511.95,0,1511.95,1411.6025,0,0,0
2/28/2013,-0.08,1515.99,0,1515.99,1416.53075,0,0,0
3/7/2013,-0.07,1541.46,0,1541.46,1422.23425,0,0,0
3/14/2013,0.13,1554.52,0,1554.52,1428.219,0,0,0
3/21/2013,0.06,1558.71,0,1558.71,1434.31475,0,0,0
3/28/2013,0.1,1562.85,0,1562.85,1439.49375,0,0,0
4/4/2013,0.07,1553.69,0,1553.69,1445.03975,0,0,0
4/11/2013,-0.35,1587.73,0,1587.73,1450.3825,0,1,1
4/18/2013,-0.21,1552.01,0,1552.01,1455.6465,0,0,0
4/25/2013,-0.11,1578.79,0,1578.79,1460.79675,0,0,0
5/2/2013,-0.05,1582.7,0,1582.7,1466.917,0,0,0
5/9/2013,0.13,1632.69,0,1632.69,1473.35575,0,0,0
5/16/2013,0.09,1658.78,0,1658.78,1479.76975,0,0,0
5/23/2013,0.27,1655.35,0,1655.35,1486.01525,0,0,0
5/30/2013,0.06,1648.36,0,1648.36,1491.887,0,0,0
6/6/2013,-0.09,1608.9,0,1608.9,1496.84725,0,0,0
6/13/2013,-0.02,1612.52,0,1612.52,1502.07425,0,0,0
6/20/2013,0.07,1628.93,0,1628.93,1506.8835,0,0,0
6/27/2013,-0.05,1603.26,0,1603.26,1510.43875,0,0,0
7/4/2013,0.18,1631.89,0,1631.89,1515.403,0,0,0
7/11/2013,0.31,1652.62,0,1652.62,1520.44375,0,0,0
7/18/2013,0.26,1680.91,0,1680.91,1526.6525,0,0,0
7/25/2013,0.23,1685.94,0,1685.94,1532.27825,0,0,0
8/1/2013,0.11,1685.73,0,1685.73,1539.20275,0,0,0
8/8/2013,0.13,1690.91,0,1690.91,1546.1715,0,0,0
8/15/2013,0.06,1685.39,0,1685.39,1553.443,0,0,0
8/22/2013,-0.14,1642.8,0,1642.8,1560.62575,0,0,0
8/29/2013,0.03,1634.96,0,1634.96,1566.724,0,0,0
9/5/2013,0.04,1653.08,0,1653.08,1572.80275,0,0,0
9/12/2013,0.21,1689.13,0,1689.13,1579.799,0,0,0
9/19/2013,0.15,1725.52,0,1725.52,1587.225,0,0,0
9/26/2013,0.05,1692.77,0,1692.77,1593.649,0,0,0
10/3/2013,0.08,1693.87,0,1693.87,1600.5,0,0,0
10/10/2013,0.08,1656.4,0,1656.4,1605.3495,0,0,0
10/17/2013,0.21,1721.54,0,1721.54,1611.8625,0,0,0
10/24/2013,0.32,1746.38,0,1746.38,1618.70625,0,0,0
10/31/2013,0.23,1763.31,0,1763.31,1625.41875,0,0,0
11/7/2013,0.24,1770.49,0,1770.49,1632.132,0,0,0
11/14/2013,0.12,1782,0,1782,1638.879,0,0,0
11/21/2013,0.05,1781.37,0,1781.37,1645.405,0,0,0
11/28/2013,0.19,1807.23,0,1807.23,1652.787,0,0,0
12/5/2013,0.15,1792.81,0,1792.81,1659.7075,0,0,0
12/12/2013,0.16,1782.22,0,1782.22,1665.7265,0,0,0
12/19/2013,0.22,1810.65,0,1810.65,1672.12975,0,0,0
12/26/2013,0.37,1833.32,0,1833.32,1678.995,0,0,0
1/2/2014,0.14,1848.36,0,1848.36,1686.13275,0,0,0
1/9/2014,0.19,1837.49,0,1837.49,1693.22775,0,0,0
1/16/2014,0.18,1848.38,0,1848.38,1699.744,0,0,0
1/23/2014,0.14,1844.86,0,1844.86,1707.06525,0,0,0
1/30/2014,-0.01,1844.86,0,1844.86,1713.717,0,0,0
2/6/2014,-0.09,1751.64,0,1751.64,1717.9405,0,0,0
2/13/2014,0.13,1819.26,0,1819.26,1722.60475,0,0,0
2/20/2014,0.19,1828.75,0,1828.75,1726.854,0,0,0
2/27/2014,0.19,1845.16,0,1845.16,1731.59925,0,0,0
3/6/2014,0.14,1873.81,0,1873.81,1737.2355,0,0,0
3/13/2014,0.15,1868.2,0,1868.2,1743.718,0,0,0
3/20/2014,0.11,1860.77,0,1860.77,1749.92425,0,0,0
3/27/2014,0.03,1852.56,0,1852.56,1755.515,0,0,0
4/3/2014,0.09,1890.9,0,1890.9,1762.706,0,0,0
4/10/2014,-0.06,1872.18,0,1872.18,1768.71325,0,0,0
4/17/2014,-0.07,1862.31,0,1862.31,1773.9555,0,0,0
4/24/2014,0.08,1875.39,0,1875.39,1778.8175,0,0,0
5/1/2014,0,1883.95,0,1883.95,1783.76775,0,0,0
5/8/2014,0,1878.21,0,1878.21,1788.57975,0,0,0
5/15/2014,0.11,1888.53,0,1888.53,1793.52025,0,0,0
5/22/2014,0.04,1888.03,0,1888.03,1798.58625,0,0,0
5/29/2014,0.13,1909.78,0,1909.78,1805.26075,0,0,0
6/5/2014,0.17,1927.88,0,1927.88,1812.58375,0,0,0
6/12/2014,0.23,1943.89,0,1943.89,1819.854,0,0,0
6/19/2014,0.11,1956.98,0,1956.98,1826.55025,0,0,0
6/26/2014,0.16,1959.53,0,1959.53,1832.4005,0,0,0
7/3/2014,0.16,1974.62,0,1974.62,1839.44675,0,0,0
7/10/2014,0.09,1972.83,0,1972.83,1846.42075,0,0,0
7/17/2014,0.04,1981.57,0,1981.57,1854.55,0,0,0
7/24/2014,0,1987.01,0,1987.01,1861.18675,0,0,0
7/31/2014,0,1970.07,0,1970.07,1866.779,0,0,0
8/7/2014,-0.07,1920.24,0,1920.24,1870.70225,0,0,0
8/14/2014,0.13,1946.72,0,1946.72,1875.108,0,0,0
8/21/2014,0.22,1986.51,0,1986.51,1880.22075,0,0,0
8/28/2014,0.33,2000.12,0,2000.12,1885.6895,0,0,0
9/4/2014,0.21,2000.72,0,2000.72,1890.52675,0,0,0
9/11/2014,0.14,1995.69,0,1995.69,1895.59875,0,0,0
9/18/2014,0.19,2001.57,0,2001.57,1901.0825,0,0,0
9/25/2014,0.14,1998.3,0,1998.3,1905.77375,0,0,0
10/2/2014,0.05,1946.16,0,1946.16,1908.59475,0,0,0
10/9/2014,0.09,1968.89,0,1968.89,1911.608,0,0,0
10/16/2014,0.09,1862.49,0,1862.49,1912.233,0,0,0
10/23/2014,0.27,1927.11,0,1927.11,1914.20125,0,0,0
10/30/2014,0.28,1982.3,0,1982.3,1917.63725,0,0,0
11/6/2014,0.38,2023.57,0,2023.57,1922.105,0,0,0
11/13/2014,0.39,2038.25,0,2038.25,1929.27025,0,0,0
11/20/2014,0.25,2048.72,0,2048.72,1935.00675,0,0,0
11/27/2014,0.31,2067.56,0,2067.56,1940.977,0,0,0
12/4/2014,0.17,2074.33,0,2074.33,1946.70625,0,0,0
12/11/2014,0.23,2026.14,0,2026.14,1950.5145,0,0,0
12/18/2014,0.12,2012.89,0,2012.89,1954.13175,0,0,0
12/25/2014,0.32,2090.57,0,2090.57,1959.87675,0,0,0
1/1/2015,0.32,2020.58,0,2020.58,1964.07725,0,0,0
1/8/2015,0.13,2025.9,0,2025.9,1967.45225,0,0,0
1/15/2015,0.25,2011.27,0,2011.27,1970.9295,0,0,0
1/22/2015,0.06,2032.12,0,2032.12,1975.17475,0,0,0
1/29/2015,0.22,2002.16,0,2002.16,1978.344,0,0,0
2/5/2015,0.03,2050.03,0,2050.03,1982.496,0,0,0
2/12/2015,0.2,2068.53,0,2068.53,1987.254,0,0,0
2/19/2015,0.29,2099.68,0,2099.68,1992.53275,0,0,0
2/26/2015,0.25,2113.86,0,2113.86,1998.1785,0,0,0
3/5/2015,0.16,2098.53,0,2098.53,2002.89725,0,0,0
3/12/2015,0.06,2040.24,0,2040.24,2005.70625,0,0,0
3/19/2015,-0.04,2099.5,0,2099.5,2009.5965,0,0,0
3/26/2015,0.14,2061.05,0,2061.05,2012.19825,0,0,0
4/2/2015,0.03,2059.69,0,2059.69,2014.70225,0,0,0
4/9/2015,0.05,2081.9,0,2081.9,2017.38425,0,0,0
4/16/2015,0.09,2106.63,0,2106.63,2020.72925,0,0,0
4/23/2015,0.08,2107.96,0,2107.96,2023.889,0,0,0
4/30/2015,0.09,2106.85,0,2106.85,2026.885,0,0,0
5/7/2015,0,2080.15,0,2080.15,2029.637,0,0,0
5/14/2015,0,2098.48,0,2098.48,2034.093,0,0,0
5/21/2015,0,2125.85,0,2125.85,2038.57125,0,0,0
5/28/2015,0.02,2123.48,0,2123.48,2041.9955,0,0,0
6/4/2015,0.03,2114.07,0,2114.07,2044.84425,0,0,0
6/11/2015,-0.13,2105.2,0,2105.2,2047.45625,0,0,0
6/18/2015,-0.09,2100.44,0,2100.44,2050.075,0,0,0
6/25/2015,0.14,2108.58,0,2108.58,2052.75025,0,0,0
7/2/2015,-0.12,2077.42,0,2077.42,2054.72825,0,0,0
7/9/2015,-0.01,2046.68,0,2046.68,2057.24125,0,0,0
7/16/2015,0.08,2107.4,0,2107.4,2060.704,0,0,0
7/23/2015,0.07,2114.15,0,2114.15,2066.9955,0,0,0
7/30/2015,-0.2,2108.57,0,2108.57,2071.532,0,0,0
8/6/2015,-0.07,2099.84,0,2099.84,2074.4705,0,0,0
8/13/2015,-0.06,2086.05,0,2086.05,2076.0325,0,0,0
8/20/2015,-0.07,2079.61,0,2079.61,2077.0665,0,0,0
8/27/2015,-0.06,1940.51,0,1940.51,2074.36125,0,0,0
9/3/2015,0.01,1948.86,0,1948.86,2071.39375,0,0,0
9/10/2015,0,1942.04,0,1942.04,2068.0865,0,0,0
9/17/2015,0.04,1995.31,0,1995.31,2067.31575,0,0,0
9/24/2015,0.03,1966.97,0,1966.97,2066.16775,0,0,0
10/1/2015,-0.12,1884.09,0,1884.09,2061.00575,0,0,0
10/8/2015,0.09,1995.83,0,1995.83,2060.387,0,0,0
10/15/2015,0.07,1994.24,0,1994.24,2059.5955,0,0,0
10/22/2015,0.11,2018.94,0,2018.94,2059.78725,0,0,0
10/29/2015,0.2,2090.35,0,2090.35,2061.243,0,0,0
11/5/2015,0.2,2102.31,0,2102.31,2063.74675,0,0,0
11/12/2015,0.11,2075,0,2075,2064.371,0,0,0
11/19/2015,0,2083.58,0,2083.58,2064.74725,0,0,0
11/26/2015,0.06,2090.11,0,2090.11,2064.508,0,0,0
12/3/2015,0.08,2079.51,0,2079.51,2063.64925,0,0,0
12/10/2015,-0.01,2047.62,0,2047.62,2062.3765,0,0,0
12/17/2015,-0.16,2073.07,0,2073.07,2063.19725,0,0,0
12/24/2015,-0.05,2064.29,0,2064.29,2062.317,0,0,0
12/31/2015,0.01,2063.36,0,2063.36,2062.37475,0,0,0
1/7/2016,-0.16,1990.26,0,1990.26,2060.639,0,0,0
1/14/2016,-0.28,1890.28,0,1890.28,2055.8485,0,0,1
1/21/2016,-0.27,1859.33,0,1859.33,2049.666,0,0,1
1/28/2016,-0.1,1882.95,0,1882.95,2044.04075,0,0,0
2/4/2016,-0.07,1912.53,0,1912.53,2039.18275,0,0,0
2/11/2016,-0.29,1851.86,0,1851.86,2033.4755,0,0,1
2/18/2016,-0.1,1926.82,0,1926.82,2029.184,0,0,0
2/25/2016,0,1929.8,0,1929.8,2024.28275,0,0,0
3/3/2016,0.03,1986.45,0,1986.45,2020.857,0,0,0
3/10/2016,0.13,1989.26,0,1989.26,2017.73675,0,0,0
3/17/2016,0.03,2027.22,0,2027.22,2015.78725,0,0,0
3/24/2016,0.1,2036.71,0,2036.71,2014.194,0,0,0
3/31/2016,0.01,2063.95,0,2063.95,2013.07825,0,0,0
4/7/2016,0.11,2066.66,0,2066.66,2012.80925,0,0,0
4/14/2016,0.03,2082.42,0,2082.42,2013.70275,0,0,0
4/21/2016,0.09,2102.4,0,2102.4,2013.57775,0,0,0
4/28/2016,-0.01,2095.15,0,2095.15,2013.10275,0,0,0
5/5/2016,-0.08,2051.12,0,2051.12,2011.6665,0,0,0
5/12/2016,-0.11,2064.46,0,2064.46,2010.782,0,0,0
5/19/2016,-0.15,2047.63,0,2047.63,2009.8215,0,0,0
5/26/2016,-0.12,2090.54,0,2090.54,2010.09475,0,0,0
6/2/2016,0.01,2099.33,0,2099.33,2014.06525,0,0,0
6/9/2016,0,2112.13,0,2112.13,2018.147,0,0,0
6/16/2016,-0.12,2071.5,0,2071.5,2021.3835,0,0,0
6/23/2016,-0.13,2085.45,0,2085.45,2023.637,0,0,0
6/30/2016,-0.05,2070.77,0,2070.77,2026.232,0,0,0
7/7/2016,0.04,2099.73,0,2099.73,2031.623,0,0,0
7/14/2016,0.12,2152.43,0,2152.43,2035.538,0,0,0
7/21/2016,0.09,2173.02,0,2173.02,2040.0075,0,0,0
7/28/2016,0.03,2166.58,0,2166.58,2043.6985,0,0,0
8/4/2016,0.03,2163.79,0,2163.79,2045.5345,0,0,0
8/11/2016,0.05,2175.49,0,2175.49,2047.364,0,0,0
8/18/2016,0.09,2182.22,0,2182.22,2050.0445,0,0,0
8/25/2016,0,2175.44,0,2175.44,2052.341,0,0,0
9/1/2016,-0.03,2170.86,0,2170.86,2054.35975,0,0,0
9/8/2016,0.01,2186.16,0,2186.16,2057.026,0,0,0
9/15/2016,-0.08,2125.77,0,2125.77,2058.97975,0,0,0
9/22/2016,-0.13,2163.12,0,2163.12,2061.231,0,0,0
9/29/2016,-0.13,2171.37,0,2171.37,2063.908,0,0,0
10/6/2016,0.01,2159.73,0,2159.73,2066.31725,0,0,0
10/13/2016,-0.08,2139.18,0,2139.18,2070.04025,0,0,0
10/20/2016,-0.14,2144.29,0,2144.29,2076.3905,0,0,0
10/27/2016,-0.09,2139.43,0,2139.43,2083.393,0,0,0
11/3/2016,-0.11,2097.94,0,2097.94,2088.76775,0,0,0
11/10/2016,0.1,2163.26,0,2163.26,2095.036,0,0,0
11/17/2016,0.2,2164.2,0,2164.2,2102.8445,0,0,0
11/24/2016,0.28,2204.72,0,2204.72,2109.792,0,0,0
12/1/2016,0.19,2198.81,0,2198.81,2116.51725,0,0,0
12/8/2016,0.17,2241.35,0,2241.35,2122.88975,0,0,0
12/15/2016,0.12,2253.28,0,2253.28,2129.49025,0,0,0
12/22/2016,0.15,2258.66,0,2258.66,2135.27625,0,0,0
12/29/2016,0.2,2249.92,0,2249.92,2140.6065,0,0,0
1/5/2017,0.21,2270.75,0,2270.75,2145.7765,0,0,0
1/12/2017,0.17,2275.32,0,2275.32,2150.993,0,0,0
1/19/2017,0.04,2271.89,0,2271.89,2155.72975,0,0,0
1/26/2017,-0.02,2298.37,0,2298.37,2160.629,0,0,0
2/2/2017,-0.01,2279.55,0,2279.55,2165.239,0,0,0
2/9/2017,0.08,2294.67,0,2294.67,2171.32775,0,0,0
2/16/2017,0.01,2347.22,0,2347.22,2178.39675,0,0,0
2/23/2017,0.06,2362.82,0,2362.82,2186.2765,0,0,0
3/2/2017,0.02,2395.96,0,2395.96,2193.912,0,0,0
3/9/2017,-0.17,2362.98,0,2362.98,2200.50325,0,0,0
3/16/2017,-0.08,2385.26,0,2385.26,2207.3315,0,0,0
3/23/2017,0.05,2348.45,0,2348.45,2214.25525,0,0,0
3/30/2017,-0.07,2361.13,0,2361.13,2221.14725,0,0,0
4/6/2017,-0.11,2352.95,0,2352.95,2228.20175,0,0,0
4/13/2017,-0.08,2344.93,0,2344.93,2234.33175,0,0,0
4/20/2017,-0.13,2338.17,0,2338.17,2238.97525,0,0,0
4/27/2017,0.06,2387.45,0,2387.45,2244.336,0,0,0
5/4/2017,0.08,2388.13,0,2388.13,2249.87475,0,0,0
5/11/2017,0.03,2399.63,0,2399.63,2255.77075,0,0,0
5/18/2017,-0.1,2357.03,0,2357.03,2260.30925,0,0,0
5/25/2017,0.03,2404.39,0,2404.39,2265.8635,0,0,0
6/1/2017,-0.05,2411.8,0,2411.8,2271.7725,0,0,0
6/8/2017,0.06,2433.14,0,2433.14,2278.3295,0,0,0
6/15/2017,0.03,2437.92,0,2437.92,2284.6235,0,0,0
6/22/2017,0.04,2435.61,0,2435.61,2292.3695,0,0,0
6/29/2017,0.03,2440.69,0,2440.69,2299.30875,0,0,0
7/6/2017,0,2432.54,0,2432.54,2305.838,0,0,0
7/13/2017,-0.01,2443.25,0,2443.25,2312.926,0,0,0
7/20/2017,0.1,2473.83,0,2473.83,2321.29225,0,0,0
7/27/2017,0.1,2477.83,0,2477.83,2329.63075,0,0,0
8/3/2017,0.04,2477.57,0,2477.57,2338.08425,0,0,0
8/10/2017,0.01,2474.02,0,2474.02,2347.48625,0,0,0
8/17/2017,0.01,2468.11,0,2468.11,2355.1075,0,0,0
8/24/2017,-0.1,2444.04,0,2444.04,2362.1035,0,0,0
8/31/2017,-0.15,2457.59,0,2457.59,2368.42525,0,0,0
9/7/2017,-0.06,2465.54,0,2465.54,2375.0935,0,0,0
9/14/2017,0.19,2498.37,0,2498.37,2381.519,0,0,0
9/21/2017,0.13,2508.24,0,2508.24,2387.893,0,0,0
9/28/2017,0.05,2507.04,0,2507.04,2394.1025,0,0,0
10/5/2017,0.03,2537.74,0,2537.74,2401.298,0,0,0
10/12/2017,0.13,2555.24,0,2555.24,2408.41025,0,0,0
10/19/2017,0.1,2561.26,0,2561.26,2415.55875,0,0,0
10/26/2017,0.07,2557.15,0,2557.15,2422.69025,0,0,0
11/2/2017,0.16,2579.36,0,2579.36,2429.715,0,0,0
11/9/2017,0.22,2594.38,0,2594.38,2437.58575,0,0,0
11/16/2017,-0.06,2564.62,0,2564.62,2444.3345,0,0,0
11/23/2017,0.06,2602.42,0,2602.42,2450.7145,0,0,0
11/30/2017,0.04,2626.07,0,2626.07,2457.29575,0,0,0
12/7/2017,0.03,2629.27,0,2629.27,2463.1285,0,0,0
12/14/2017,0.17,2662.85,0,2662.85,2470.62525,0,0,0
12/21/2017,0.25,2679.25,0,2679.25,2477.975,0,0,0
12/28/2017,0.32,2682.62,0,2682.62,2486.32925,0,0,0
1/4/2018,0.44,2713.06,0,2713.06,2495.1275,-1,-1,0
1/11/2018,0.24,2748.23,0,2748.23,2505.0095,0,0,0
1/18/2018,0.33,2802.56,0,2802.56,2516.45025,0,0,0
1/25/2018,0.21,2837.54,0,2837.54,2528.9345,0,0,0
2/1/2018,0.16,2823.81,0,2823.81,2539.8435,0,0,0
2/8/2018,0.02,2681.66,0,2681.66,2547.18175,0,0,0
2/15/2018,0.27,2698.63,0,2698.63,2554.65675,0,0,0
2/22/2018,0.22,2701.33,0,2701.33,2563.26425,0,0,0
3/1/2018,0.14,2713.83,0,2713.83,2571.00025,0,0,0
3/8/2018,-0.02,2726.8,0,2726.8,2578.87525,0,0,0
3/15/2018,0.16,2749.48,0,2749.48,2586.78375,0,0,0
3/22/2018,0.05,2711.93,0,2711.93,2593.634,0,0,0
3/29/2018,-0.03,2605,0,2605,2597.86875,0,0,0
4/5/2018,-0.05,2644.69,0,2644.69,2602.96875,0,0,0
4/12/2018,-0.17,2642.19,0,2642.19,2608.21,0,0,0
4/19/2018,0.09,2708.64,0,2708.64,2614.84475,0,0,0
4/26/2018,0.11,2639.4,0,2639.4,2618.984,0,0,0
5/3/2018,-0.02,2635.67,0,2635.67,2622.93,0,0,0
5/10/2018,0.08,2697.79,0,2697.79,2628.4355,0,0,0
5/17/2018,0.16,2722.46,0,2722.46,2634.6465,0,0,0
5/24/2018,0.13,2733.29,0,2733.29,2641.276,0,0,0
5/31/2018,0.09,2724.01,0,2724.01,2648.27525,0,0,0
6/7/2018,0.12,2772.35,0,2772.35,2656.14425,0,0,0
6/14/2018,0.23,2775.63,0,2775.63,2663.8965,0,0,0
6/21/2018,0.13,2767.32,0,2767.32,2670.62025,0,0,0
6/28/2018,-0.12,2699.63,0,2699.63,2675.405,0,0,0
7/5/2018,-0.11,2713.22,0,2713.22,2680.5595,0,0,0
7/12/2018,0.14,2774.02,0,2774.02,2686.4665,0,0,0
7/19/2018,0.1,2815.62,0,2815.62,2692.976,0,0,0
7/26/2018,0.05,2846.07,0,2846.07,2700.09625,0,0,0
8/2/2018,-0.03,2813.36,0,2813.36,2706.5015,0,0,0
8/9/2018,0.05,2857.7,0,2857.7,2713.46,0,0,0
8/16/2018,0.07,2818.37,0,2818.37,2719.05975,0,0,0
8/23/2018,0.11,2861.82,0,2861.82,2726.48975,0,0,0
8/30/2018,0.19,2914.04,0,2914.04,2734.28025,0,0,0
9/6/2018,0.16,2888.6,0,2888.6,2740.8435,0,0,0
9/13/2018,-0.01,2888.92,0,2888.92,2747.33475,0,0,0
9/20/2018,0,2907.95,0,2907.95,2753.46225,0,0,0
9/27/2018,0.05,2905.97,0,2905.97,2759.13025,0,0,0
10/4/2018,0.21,2925.51,0,2925.51,2765.2025,0,0,0
10/11/2018,-0.05,2785.68,0,2785.68,2767.018,0,0,0
10/18/2018,-0.01,2809.21,0,2809.21,2768.5425,0,0,0
10/25/2018,-0.13,2656.1,0,2656.1,2764.881,0,0,0
11/1/2018,0.03,2711.74,0,2711.74,2761.736,0,0,0
11/8/2018,0.1,2813.89,0,2813.89,2761.488,0,0,0
11/15/2018,-0.01,2701.58,0,2701.58,2761.986,0,0,0
11/22/2018,-0.22,2649.93,0,2649.93,2760.7685,0,0,0
11/29/2018,-0.06,2743.79,0,2743.79,2761.83,0,0,0
12/6/2018,0.07,2700.06,0,2700.06,2761.48575,0,0,0
12/13/2018,-0.28,2651.07,0,2651.07,2759.5925,0,1,1
12/20/2018,-0.22,2506.96,0,2506.96,2753.5295,0,0,0
12/27/2018,-0.19,2467.7,0,2467.7,2747.42375,0,0,0
1/3/2019,-0.1,2510.03,0,2510.03,2745.0495,0,0,0
1/10/2019,0.09,2584.96,0,2584.96,2743.55625,0,0,0
1/17/2019,-0.03,2616.1,0,2616.1,2742.904,0,0,0
1/24/2019,0.05,2638.7,0,2638.7,2741.1555,0,0,0
1/31/2019,0,2681.05,0,2681.05,2742.19675,0,0,0
2/7/2019,0.17,2731.61,0,2731.61,2744.59525,0,0,0
2/14/2019,0.1,2753.03,0,2753.03,2745.97625,0,0,0
2/21/2019,0.14,2779.76,0,2779.76,2747.40875,0,0,0
2/28/2019,0.22,2792.38,0,2792.38,2748.886,0,0,0
3/7/2019,0.11,2771.45,0,2771.45,2750.072,0,0,0
3/14/2019,0.01,2810.92,0,2810.92,2751.03625,0,0,0
3/21/2019,0.14,2824.23,0,2824.23,2752.25125,0,0,0
3/28/2019,0.06,2805.37,0,2805.37,2753.2025,0,0,0
4/4/2019,0.07,2873.4,0,2873.4,2757.54675,0,0,0
4/11/2019,0.2,2888.21,0,2888.21,2761.9215,0,0,0
4/18/2019,0.16,2900.45,0,2900.45,2765.08225,0,0,0
4/25/2019,0.13,2927.25,0,2927.25,2767.873,0,0,0
5/2/2019,0.18,2923.73,0,2923.73,2769.8145,0,0,0
5/9/2019,0.2,2879.42,0,2879.42,2771.466,0,0,0
5/16/2019,-0.09,2850.96,0,2850.96,2771.2975,0,0,0
5/23/2019,-0.11,2856.27,0,2856.27,2772.245,0,0,0
5/30/2019,-0.15,2783.02,0,2783.02,2770.275,0,0,0
6/6/2019,-0.2,2826.15,0,2826.15,2768.07775,0,0,0
6/13/2019,-0.07,2879.84,0,2879.84,2767.85875,0,0,0
6/20/2019,-0.03,2926.46,0,2926.46,2768.79725,0,0,0
6/27/2019,-0.02,2913.78,0,2913.78,2768.943,0,0,0
7/3/2019,0.01,2995.82,0,2995.82,2771.18925,0,0,0
7/11/2019,0.06,2993.07,0,2993.07,2772.87825,0,0,0
7/18/2019,0.07,2984.42,0,2984.42,2777.84675,0,0,0
7/25/2019,0,3019.56,0,3019.56,2783.1055,0,0,0
8/1/2019,0.14,2980.38,0,2980.38,2791.2125,0,0,0
8/8/2019,-0.27,2883.98,0,2883.98,2795.5185,0,0,1
8/15/2019,-0.22,2840.6,0,2840.6,2796.18625,0,0,0
8/22/2019,-0.13,2924.43,0,2924.43,2801.7575,0,0,0
8/29/2019,-0.16,2887.94,0,2887.94,2807.70775,0,0,0
9/5/2019,-0.11,2937.78,0,2937.78,2812.5575,0,0,0
9/12/2019,0.02,3000.93,0,3000.93,2820.07925,0,0,0
9/19/2019,0.08,3006.73,0,3006.73,2828.97075,0,0,0
9/26/2019,-0.04,2984.87,0,2984.87,2840.9185,0,0,0
10/3/2019,-0.18,2887.61,0,2887.61,2851.41625,0,0,0
10/10/2019,-0.24,2919.4,0,2919.4,2861.6505,0,0,0
10/17/2019,0.03,2989.69,0,2989.69,2871.76875,0,0,0
10/24/2019,0.07,3004.52,0,3004.52,2881.47925,0,0,0
10/31/2019,0.06,3046.77,0,3046.77,2891.681,0,0,0
11/7/2019,0.16,3076.78,0,3076.78,2901.57425,0,0,0
11/14/2019,0.16,3094.04,0,3094.04,2910.635,0,0,0
11/21/2019,0.05,3108.46,0,3108.46,2919.52075,0,0,0
11/29/2019,0.03,3153.63,0,3153.63,2928.8675,0,0,0
12/5/2019,0.03,3112.76,0,3112.76,2936.877,0,0,0
12/12/2019,0.12,3141.63,0,3141.63,2946.1315,0,0,0
12/19/2019,0.24,3191.14,0,3191.14,2955.637,0,0,0
12/26/2019,0.2,3223.38,0,3223.38,2965.61575,0,0,0
1/2/2020,0.15,3230.78,0,3230.78,2976.251,0,0,0
1/9/2020,0.03,3253.05,0,3253.05,2985.74225,0,0,0
1/16/2020,0.14,3289.29,0,3289.29,2995.76925,0,0,0
1/23/2020,0.21,3321.75,0,3321.75,3006.30175,0,0,0
1/30/2020,-0.05,3273.4,0,3273.4,3014.9555,0,0,0
2/6/2020,-0.01,3334.69,0,3334.69,3025.2295,0,0,0
2/13/2020,0.15,3379.45,0,3379.45,3037.73025,0,0,0
2/20/2020,0.12,3386.15,0,3386.15,3051.11,0,0,0
2/27/2020,-0.09,3116.39,0,3116.39,3057.613,0,0,0
3/5/2020,-0.01,3130.12,0,3130.12,3066.2905,0,0,0
3/12/2020,-0.22,2741.38,0,2741.38,3064.17125,0,0,0
3/19/2020,-0.17,2398.1,0,2398.1,3052.12775,0,0,0
3/26/2020,-0.19,2475.56,0,2475.56,3040.85525,0,0,0
4/2/2020,-0.15,2470.5,0,2470.5,3029.77325,0,0,0
4/9/2020,-0.08,2749.98,0,2749.98,3023.62725,0,0,0
4/16/2020,-0.08,2783.36,0,2783.36,3018.3845,0,0,0
4/23/2020,-0.25,2799.31,0,2799.31,3013.75675,0,0,1
4/30/2020,-0.13,2939.51,0,2939.51,3011.7555,0,0,0
5/7/2020,-0.29,2848.42,0,2848.42,3008.4565,0,0,1
5/14/2020,-0.27,2820,0,2820,3006.857,0,0,1
5/21/2020,-0.16,2971.61,0,2971.61,3010.13225,0,0,0
5/28/2020,-0.09,3036.13,0,3036.13,3012.92475,0,0,0
6/4/2020,-0.04,3122.87,0,3122.87,3018.798,0,0,0
6/11/2020,-0.04,3190.14,0,3190.14,3025.107,0,0,0
6/18/2020,-0.23,3113.49,0,3113.49,3027.921,0,0,0
6/25/2020,-0.25,3050.33,0,3050.33,3029.011,0,0,1
7/2/2020,-0.24,3115.86,0,3115.86,3032.28575,0,0,0
