capital,"100,000",,,,,,,,
,,,,,,,,,
date,Close,220 SMA,230 SMA,Signal ,Entry/Exit point,Position,Cash,,Buy&Hold
6/25/2015,189.8563,,,0,,0,0,,526.7141517
6/26/2015,189.9196,,,0,0,0,0,,526.7141517
6/29/2015,185.9113,,,0,0,0,0,,526.7141517
6/30/2015,186.2913,,,0,0,0,0,,526.7141517
7/1/2015,187.8114,,,0,0,0,0,,526.7141517
7/2/2015,187.5852,,,0,0,0,0,,526.7141517
7/6/2015,186.9971,,,0,0,0,0,,526.7141517
7/7/2015,188.2095,,,0,0,0,0,,526.7141517
7/8/2015,185.0608,,,0,0,0,0,,526.7141517
7/9/2015,185.3051,,,0,0,0,0,,526.7141517
7/10/2015,187.73,,,0,0,0,0,,526.7141517
7/13/2015,189.7929,,,0,0,0,0,,526.7141517
7/14/2015,190.6616,,,0,0,0,0,,526.7141517
7/15/2015,190.5801,,,0,0,0,0,,526.7141517
7/16/2015,192.064,,,0,0,0,0,,526.7141517
7/17/2015,192.245,,,0,0,0,0,,526.7141517
7/20/2015,192.3807,,,0,0,0,0,,526.7141517
7/21/2015,191.6026,,,0,0,0,0,,526.7141517
7/22/2015,191.1773,,,0,0,0,0,,526.7141517
7/23/2015,190.1368,,,0,0,0,0,,526.7141517
7/24/2015,188.1462,,,0,0,0,0,,526.7141517
7/27/2015,187.0604,,,0,0,0,0,,526.7141517
7/28/2015,189.3858,,,0,0,0,0,,526.7141517
7/29/2015,190.7068,,,0,0,0,0,,526.7141517
7/30/2015,190.752,,,0,0,0,0,,526.7141517
7/31/2015,190.4173,,,0,0,0,0,,526.7141517
8/3/2015,189.7658,,,0,0,0,0,,526.7141517
8/4/2015,189.3948,,,0,0,0,0,,526.7141517
8/5/2015,190.1006,,,0,0,0,0,,526.7141517
8/6/2015,188.5172,,,0,0,0,0,,526.7141517
8/7/2015,188.1281,,,0,0,0,0,,526.7141517
8/10/2015,190.5801,,,0,0,0,0,,526.7141517
8/11/2015,188.7976,,,0,0,0,0,,526.7141517
8/12/2015,189.0329,,,0,0,0,0,,526.7141517
8/13/2015,188.8338,,,0,0,0,0,,526.7141517
8/14/2015,189.431,,,0,0,0,0,,526.7141517
8/17/2015,190.5168,,,0,0,0,0,,526.7141517
8/18/2015,189.9468,,,0,0,0,0,,526.7141517
8/19/2015,188.4538,,,0,0,0,0,,526.7141517
8/20/2015,184.5903,,,0,0,0,0,,526.7141517
8/21/2015,178.8176,,,0,0,0,0,,526.7141517
8/24/2015,171.5067,,,0,0,0,0,,526.7141517
8/25/2015,169.4076,,,0,0,0,0,,526.7141517
8/26/2015,176.1484,,,0,0,0,0,,526.7141517
8/27/2015,180.202,,,0,0,0,0,,526.7141517
8/28/2015,180.2743,,,0,0,0,0,,526.7141517
8/31/2015,178.7362,,,0,0,0,0,,526.7141517
9/1/2015,173.5154,,,0,0,0,0,,526.7141517
9/2/2015,176.8089,,,0,0,0,0,,526.7141517
9/3/2015,177.0261,,,0,0,0,0,,526.7141517
9/4/2015,174.2574,,,0,0,0,0,,526.7141517
9/8/2015,178.6638,,,0,0,0,0,,526.7141517
9/9/2015,176.2208,,,0,0,0,0,,526.7141517
9/10/2015,177.207,,,0,0,0,0,,526.7141517
9/11/2015,178.0123,,,0,0,0,0,,526.7141517
9/14/2015,177.3247,,,0,0,0,0,,526.7141517
9/15/2015,179.5595,,,0,0,0,0,,526.7141517
9/16/2015,181.0887,,,0,0,0,0,,526.7141517
9/17/2015,180.6906,,,0,0,0,0,,526.7141517
9/18/2015,177.6987,,,0,0,0,0,,526.7141517
9/21/2015,178.6811,,,0,0,0,0,,526.7141517
9/22/2015,176.3707,,,0,0,0,0,,526.7141517
9/23/2015,176.0978,,,0,0,0,0,,526.7141517
9/24/2015,175.4884,,,0,0,0,0,,526.7141517
9/25/2015,175.4338,,,0,0,0,0,,526.7141517
9/28/2015,170.9222,,,0,0,0,0,,526.7141517
9/29/2015,171.0769,,,0,0,0,0,,526.7141517
9/30/2015,174.2696,,,0,0,0,0,,526.7141517
10/1/2015,174.7607,,,0,0,0,0,,526.7141517
10/2/2015,177.3713,,,0,0,0,0,,526.7141517
10/5/2015,180.5276,,,0,0,0,0,,526.7141517
10/6/2015,179.9091,,,0,0,0,0,,526.7141517
10/7/2015,181.3826,,,0,0,0,0,,526.7141517
10/8/2015,183.0199,,,0,0,0,0,,526.7141517
10/9/2015,183.129,,,0,0,0,0,,526.7141517
10/12/2015,183.3018,,,0,0,0,0,,526.7141517
10/13/2015,182.1467,,,0,0,0,0,,526.7141517
10/14/2015,181.2734,,,0,0,0,0,,526.7141517
10/15/2015,184.0568,,,0,0,0,0,,526.7141517
10/16/2015,184.8936,,,0,0,0,0,,526.7141517
10/19/2015,184.9846,,,0,0,0,0,,526.7141517
10/20/2015,184.7481,,,0,0,0,0,,526.7141517
10/21/2015,183.602,,,0,0,0,0,,526.7141517
10/22/2015,186.6583,,,0,0,0,0,,526.7141517
10/23/2015,188.7594,,,0,0,0,0,,526.7141517
10/26/2015,188.2773,,,0,0,0,0,,526.7141517
10/27/2015,187.8953,,,0,0,0,0,,526.7141517
10/28/2015,190.0511,,,0,0,0,0,,526.7141517
10/29/2015,190.0056,,,0,0,0,0,,526.7141517
10/30/2015,189.1324,,,0,0,0,0,,526.7141517
11/2/2015,191.37,,,0,0,0,0,,526.7141517
11/3/2015,191.9248,,,0,0,0,0,,526.7141517
11/4/2015,191.3609,,,0,0,0,0,,526.7141517
11/5/2015,191.1517,,,0,0,0,0,,526.7141517
11/6/2015,191.0516,,,0,0,0,0,,526.7141517
11/9/2015,189.2688,,,0,0,0,0,,526.7141517
11/10/2015,189.7054,,,0,0,0,0,,526.7141517
11/11/2015,188.9595,,,0,0,0,0,,526.7141517
11/12/2015,186.3217,,,0,0,0,0,,526.7141517
11/13/2015,184.2296,,,0,0,0,0,,526.7141517
11/16/2015,187.0312,,,0,0,0,0,,526.7141517
11/17/2015,186.8948,,,0,0,0,0,,526.7141517
11/18/2015,189.86,,,0,0,0,0,,526.7141517
11/19/2015,189.6963,,,0,0,0,0,,526.7141517
11/20/2015,190.3876,,,0,0,0,0,,526.7141517
11/23/2015,190.1693,,,0,0,0,0,,526.7141517
11/24/2015,190.424,,,0,0,0,0,,526.7141517
11/25/2015,190.3967,,,0,0,0,0,,526.7141517
11/27/2015,190.615,,,0,0,0,0,,526.7141517
11/30/2015,189.8237,,,0,0,0,0,,526.7141517
12/1/2015,191.6337,,,0,0,0,0,,526.7141517
12/2/2015,189.6781,,,0,0,0,0,,526.7141517
12/3/2015,187.0221,,,0,0,0,0,,526.7141517
12/4/2015,190.6696,,,0,0,0,0,,526.7141517
12/7/2015,189.5144,,,0,0,0,0,,526.7141517
12/8/2015,188.241,,,0,0,0,0,,526.7141517
12/9/2015,186.7765,,,0,0,0,0,,526.7141517
12/10/2015,187.2586,,,0,0,0,0,,526.7141517
12/11/2015,183.6293,,,0,0,0,0,,526.7141517
12/14/2015,184.5571,,,0,0,0,0,,526.7141517
12/15/2015,186.4945,,,0,0,0,0,,526.7141517
12/16/2015,189.2233,,,0,0,0,0,,526.7141517
12/17/2015,186.3399,,,0,0,0,0,,526.7141517
12/18/2015,183.0395,,,0,0,0,0,,526.7141517
12/21/2015,184.5494,,,0,0,0,0,,526.7141517
12/22/2015,186.224,,,0,0,0,0,,526.7141517
12/23/2015,188.5301,,,0,0,0,0,,526.7141517
12/24/2015,188.219,,,0,0,0,0,,526.7141517
12/28/2015,187.7889,,,0,0,0,0,,526.7141517
12/29/2015,189.793,,,0,0,0,0,,526.7141517
12/30/2015,188.4477,,,0,0,0,0,,526.7141517
12/31/2015,186.5626,,,0,0,0,0,,526.7141517
1/4/2016,183.9538,,,0,0,0,0,,526.7141517
1/5/2016,184.2657,,,0,0,0,0,,526.7141517
1/6/2016,181.9413,,,0,0,0,0,,526.7141517
1/7/2016,177.5763,,,0,0,0,0,,526.7141517
1/8/2016,175.6299,,,0,0,0,0,,526.7141517
1/11/2016,175.801,,,0,0,0,0,,526.7141517
1/12/2016,177.2201,,,0,0,0,0,,526.7141517
1/13/2016,172.7994,,,0,0,0,0,,526.7141517
1/14/2016,175.6363,,,0,0,0,0,,526.7141517
1/15/2016,171.866,,,0,0,0,0,,526.7141517
1/19/2016,172.0948,,,0,0,0,0,,526.7141517
1/20/2016,169.8894,,,0,0,0,0,,526.7141517
1/21/2016,170.8411,,,0,0,0,0,,526.7141517
1/22/2016,174.346,,,0,0,0,0,,526.7141517
1/25/2016,171.7105,,,0,0,0,0,,526.7141517
1/26/2016,174.0531,,,0,0,0,0,,526.7141517
1/27/2016,172.1589,,,0,0,0,0,,526.7141517
1/28/2016,173.0557,,,0,0,0,0,,526.7141517
1/29/2016,177.275,,,0,0,0,0,,526.7141517
2/1/2016,177.2103,,,0,0,0,0,,526.7141517
2/2/2016,174.0165,,,0,0,0,0,,526.7141517
2/3/2016,175.0598,,,0,0,0,0,,526.7141517
2/4/2016,175.3343,,,0,0,0,0,,526.7141517
2/5/2016,171.9941,,,0,0,0,0,,526.7141517
2/8/2016,169.6789,,,0,0,0,0,,526.7141517
2/9/2016,169.6881,,,0,0,0,0,,526.7141517
2/10/2016,169.5417,,,0,0,0,0,,526.7141517
2/11/2016,167.3363,,,0,0,0,0,,526.7141517
2/12/2016,170.7862,,,0,0,0,0,,526.7141517
2/16/2016,173.6688,,,0,0,0,0,,526.7141517
2/17/2016,176.5056,,,0,0,0,0,,526.7141517
2/18/2016,175.7827,,,0,0,0,0,,526.7141517
2/19/2016,175.7003,,,0,0,0,0,,526.7141517
2/22/2016,178.2443,,,0,0,0,0,,526.7141517
2/23/2016,175.9932,,,0,0,0,0,,526.7141517
2/24/2016,176.7985,,,0,0,0,0,,526.7141517
2/25/2016,178.9398,,,0,0,0,0,,526.7141517
2/26/2016,178.5273,,,0,0,0,0,,526.7141517
2/29/2016,177.1279,,,0,0,0,0,,526.7141517
3/1/2016,181.2916,,,0,0,0,0,,526.7141517
3/2/2016,182.1061,,,0,0,0,0,,526.7141517
3/3/2016,182.8153,,,0,0,0,0,,526.7141517
3/4/2016,183.4147,,,0,0,0,0,,526.7141517
3/7/2016,183.5611,,,0,0,0,0,,526.7141517
3/8/2016,181.557,,,0,0,0,0,,526.7141517
3/9/2016,182.4538,,,0,0,0,0,,526.7141517
3/10/2016,182.6002,,,0,0,0,0,,526.7141517
3/11/2016,185.5469,,,0,0,0,0,,526.7141517
3/14/2016,185.3089,,,0,0,0,0,,526.7141517
3/15/2016,185.007,,,0,0,0,0,,526.7141517
3/16/2016,186.0776,,,0,0,0,0,,526.7141517
3/17/2016,187.2581,,,0,0,0,0,,526.7141517
3/18/2016,187.9898,,,0,0,0,0,,526.7141517
3/21/2016,188.2566,,,0,0,0,0,,526.7141517
3/22/2016,188.1554,,,0,0,0,0,,526.7141517
3/23/2016,186.9129,,,0,0,0,0,,526.7141517
3/24/2016,186.8309,,,0,0,0,0,,526.7141517
3/28/2016,186.9413,,,0,0,0,0,,526.7141517
3/29/2016,188.6712,,,0,0,0,0,,526.7141517
3/30/2016,189.4983,,,0,0,0,0,,526.7141517
3/31/2016,189.0384,,,0,0,0,0,,526.7141517
4/1/2016,190.3261,,,0,0,0,0,,526.7141517
4/4/2016,189.7099,,,0,0,0,0,,526.7141517
4/5/2016,187.8143,,,0,0,0,0,,526.7141517
4/6/2016,189.8662,,,0,0,0,0,,526.7141517
4/7/2016,187.5943,,,0,0,0,0,,526.7141517
4/8/2016,188.0995,,,0,0,0,0,,526.7141517
4/11/2016,187.6588,,,0,0,0,0,,526.7141517
4/12/2016,189.4063,,,0,0,0,0,,526.7141517
4/13/2016,191.3203,,,0,0,0,0,,526.7141517
4/14/2016,191.3287,,,0,0,0,0,,526.7141517
4/15/2016,191.1172,,,0,0,0,0,,526.7141517
4/18/2016,192.4594,,,0,0,0,0,,526.7141517
4/19/2016,193.0672,,,0,0,0,0,,526.7141517
4/20/2016,193.2511,,,0,0,0,0,,526.7141517
4/21/2016,192.2117,,,0,0,0,0,,526.7141517
4/22/2016,192.2117,,,0,0,0,0,,526.7141517
4/25/2016,191.8806,,,0,0,0,0,,526.7141517
4/26/2016,192.165,,,0,0,0,0,,526.7141517
4/27/2016,192.5613,,,0,0,0,0,,526.7141517
4/28/2016,190.8113,,,0,0,0,0,,526.7141517
4/29/2016,189.7842,,,0,0,0,0,,526.7141517
5/2/2016,191.2919,,,0,0,0,0,,526.7141517
5/3/2016,189.6264,,,0,0,0,0,,526.7141517
5/4/2016,188.5693,,,0,0,0,0,,526.7141517
5/5/2016,188.5325,,,0,0,0,0,,526.7141517
5/6/2016,189.2224,,,0,0,0,0,,526.7141517
5/9/2016,189.378,184.1486955,,1,1,0,0,,526.7141517
5/10/2016,191.7334,184.1572277,,1,0,0,0,,526.7141517
5/11/2016,189.9398,184.1573195,,1,0,0,0,,526.7141517
5/12/2016,189.995,184.1758818,,1,0,0,0,,526.7141517
5/13/2016,188.3394,184.1851914,,1,0,0,0,,526.7141517
5/16/2016,190.1974,184.1960368,,1,0,0,0,,526.7141517
5/17/2016,188.4229,184.1998445,,1,0,0,0,,526.7141517
5/18/2016,188.4773,184.2065727,,1,0,0,0,,526.7141517
5/19/2016,187.8243,184.2048218,,1,0,0,0,,526.7141517
5/20/2016,189.0108,184.2227764,,1,0,0,100000,,526.7141517
5/23/2016,188.7533,184.23845,184.371333,0,-1,0,100000,,526.7141517
5/24/2016,191.2,184.2542227,184.3771752,0,0,0,100000,,526.7141517
5/25/2016,192.4969,184.2665136,184.3883809,0,0,0,100000,,526.7141517
5/26/2016,192.5521,184.2751068,184.4172539,0,0,0,100000,,526.7141517
5/27/2016,193.3799,184.2878332,184.4480739,0,0,0,100000,,526.7141517
5/31/2016,193.012,184.2921423,184.4706852,0,0,0,100000,,526.7141517
6/1/2016,193.4075,184.2974264,184.4959996,0,0,0,100000,,526.7141517
6/2/2016,193.9962,184.3047695,184.5264304,0,0,0,100000,,526.7141517
6/3/2016,193.4167,184.3130155,184.5490704,0,0,0,100000,,526.7141517
6/6/2016,194.4009,184.3276682,184.5896796,0,0,0,100000,,526.7141517
6/7/2016,194.7044,184.34843,184.6305461,0,0,0,100000,,526.7141517
6/8/2016,195.3391,184.381125,184.6636291,0,0,0,100000,,526.7141517
6/9/2016,195.0723,184.4175427,184.686583,0,0,0,100000,,526.7141517
6/10/2016,193.2235,184.4349868,184.6977217,0,0,0,100000,,526.7141517
6/13/2016,191.7327,184.43965,184.702733,0,0,0,100000,,526.7141517
6/14/2016,191.3563,184.4423968,184.6996561,0,0,0,100000,,526.7141517
6/15/2016,191.0896,184.4454527,184.6946326,0,0,0,100000,,526.7141517
6/16/2016,191.6599,184.4540623,184.6914987,0,0,0,100000,,526.7141517
6/17/2016,190.9502,184.4611323,184.6886622,0,0,0,100000,,526.7141517
6/20/2016,192.1799,184.4705836,184.6930213,0,0,0,100000,,526.7141517
6/21/2016,192.7254,184.4897118,184.7042761,0,0,0,100000,,526.7141517
6/22/2016,192.4111,184.50918,184.7228191,0,0,0,100000,,526.7141517
6/23/2016,194.9167,184.5288918,184.756977,0,0,0,100000,,526.7141517
6/24/2016,187.8158,184.5244291,184.7501509,0,0,0,100000,,526.7141517
6/27/2016,184.5519,184.5040609,184.7233904,0,0,0,100000,,526.7141517
6/28/2016,187.8802,184.4997264,184.7109043,0,0,0,100000,,526.7141517
6/29/2016,191.0796,184.50722,184.7137839,0,0,0,100000,,526.7141517
6/30/2016,193.6824,184.5216091,184.7308126,0,0,0,100000,,526.7141517
7/1/2016,194.0946,184.5404627,184.7512465,0,0,0,100000,,526.7141517
7/5/2016,192.6977,184.5597532,184.7625383,0,0,0,100000,,526.7141517
7/6/2016,193.8534,184.6018582,184.7857391,0,0,0,100000,,526.7141517
7/7/2016,193.7295,184.6696395,184.810093,0,0,0,100000,,526.7141517
7/8/2016,196.618,184.7837818,184.8363448,0,0,0,100000,,526.7141517
7/11/2016,197.3115,184.9106177,184.8733617,1,1,506.8128315,0,,526.7141517
7/12/2016,198.7446,185.0133277,184.9155865,1,0,506.8128315,0,,526.7141517
7/13/2016,198.7169,185.0974864,184.9585565,1,0,506.8128315,0,,526.7141517
7/14/2016,199.8264,185.1863595,185.0037539,1,0,506.8128315,0,,526.7141517
7/15/2016,199.5583,185.2810055,185.0430648,1,0,506.8128315,0,,526.7141517
7/18/2016,200.0938,185.4018164,185.0871822,1,0,506.8128315,0,,526.7141517
7/19/2016,199.8911,185.5067355,185.1369096,1,0,506.8128315,0,,526.7141517
7/20/2016,200.7187,185.6144291,185.207033,1,0,506.8128315,0,,526.7141517
7/21/2016,199.9605,185.7312614,185.2989587,1,0,506.8128315,0,,526.7141517
7/22/2016,200.862,185.8321623,185.4265904,1,0,506.8128315,0,,526.7141517
7/25/2016,200.3165,185.9416882,185.560977,1,0,506.8128315,0,,526.7141517
7/26/2016,200.4089,186.0471514,185.6664574,1,0,506.8128315,0,,526.7141517
7/27/2016,200.1963,186.1479877,185.7533891,1,0,506.8128315,0,,526.7141517
7/28/2016,200.4274,186.253,185.8410113,1,0,506.8128315,0,,526.7141517
7/29/2016,200.751,186.349325,185.9367278,1,0,506.8128315,0,,526.7141517
8/1/2016,200.5846,186.4379427,186.05442,1,0,506.8128315,0,,526.7141517
8/2/2016,199.2987,186.522525,186.1522017,1,0,506.8128315,0,,526.7141517
8/3/2016,199.8819,186.6233577,186.2515748,1,0,506.8128315,0,,526.7141517
8/4/2016,200.0943,186.7206905,186.3639091,1,0,506.8128315,0,,526.7141517
8/5/2016,201.7311,186.835965,186.4642017,1,0,506.8128315,0,,526.7141517
8/8/2016,201.6109,186.9519336,186.5745935,1,0,506.8128315,0,,526.7141517
8/9/2016,201.7311,187.0712186,186.68122,1,0,506.8128315,0,,526.7141517
8/10/2016,201.2318,187.1884823,186.7821743,1,0,506.8128315,0,,526.7141517
8/11/2016,202.1657,187.3304982,186.8901787,1,0,506.8128315,0,,526.7141517
8/12/2016,201.99,187.4710123,186.9877026,1,0,506.8128315,0,,526.7141517
8/15/2016,202.5725,187.5996618,187.0811104,1,0,506.8128315,0,,526.7141517
8/16/2016,201.5277,187.72133,187.1717065,1,0,506.8128315,0,,526.7141517
8/17/2016,201.9068,187.832855,187.2769591,1,0,506.8128315,0,,526.7141517
8/18/2016,202.3598,187.9320923,187.37991,1,0,506.8128315,0,,526.7141517
8/19/2016,202.064,188.0327964,187.49162,1,0,506.8128315,0,,526.7141517
8/22/2016,202.0547,188.1267605,187.6044761,1,0,506.8128315,0,,526.7141517
8/23/2016,202.4616,188.2151318,187.7217509,1,0,506.8128315,0,,526.7141517
8/24/2016,201.426,188.2983,187.8347604,1,0,506.8128315,0,,526.7141517
8/25/2016,201.2873,188.3800523,187.9667826,1,0,506.8128315,0,,526.7141517
8/26/2016,200.9082,188.4653318,188.0964839,1,0,506.8128315,0,,526.7141517
8/29/2016,201.8983,188.5590814,188.2166087,1,0,506.8128315,0,,526.7141517
8/30/2016,201.5647,188.6386627,188.3331478,1,0,506.8128315,0,,526.7141517
8/31/2016,200.9914,188.7118345,188.4358439,1,0,506.8128315,0,,526.7141517
9/1/2016,201.0007,188.784635,188.5248574,1,0,506.8128315,0,,526.7141517
9/2/2016,201.9068,188.8626291,188.6204996,1,0,506.8128315,0,,526.7141517
9/6/2016,202.5178,188.94861,188.7123917,1,0,506.8128315,0,,526.7141517
9/7/2016,202.4985,189.0206109,188.7970813,1,0,506.8128315,0,,526.7141517
9/8/2016,202.0362,189.08096,188.8792865,1,0,506.8128315,0,,526.7141517
9/9/2016,197.2005,189.12152,188.9397157,1,0,506.8128315,0,,526.7141517
9/12/2016,200.0298,189.1766768,189.0174683,1,0,506.8128315,0,,526.7141517
9/13/2016,197.1543,189.2089641,189.0865157,1,0,506.8128315,0,,526.7141517
9/14/2016,197.0803,189.2411218,189.1431396,1,0,506.8128315,0,,526.7141517
9/15/2016,199.0497,189.2862005,189.2046878,1,0,506.8128315,0,,526.7141517
9/16/2016,198.2842,189.3176286,189.2625122,1,0,506.8128315,0,,526.7141517
9/19/2016,198.3214,189.3467041,189.3215265,1,0,506.8128315,0,,526.7141517
9/20/2016,198.3307,189.378385,189.3855643,0,-1,0,100516.5436,,526.7141517
9/21/2016,200.561,189.4211545,189.4460109,0,0,0,100516.5436,,526.7141517
9/22/2016,201.8249,189.4701241,189.5028174,0,0,0,100516.5436,,526.7141517
9/23/2016,200.719,189.5221705,189.5569117,0,0,0,100516.5436,,526.7141517
9/26/2016,199.0927,189.56484,189.6055961,0,0,0,100516.5436,,526.7141517
9/27/2016,200.3287,189.6165182,189.6502813,0,0,0,100516.5436,,526.7141517
9/28/2016,201.323,189.6847059,189.6994874,0,0,0,100516.5436,,526.7141517
9/29/2016,199.5016,189.7541241,189.7445709,1,1,503.8382832,0,,526.7141517
9/30/2016,201.0071,189.8176509,189.7864713,1,0,503.8382832,0,,526.7141517
10/3/2016,200.5238,189.8796009,189.8238583,1,0,503.8382832,0,,526.7141517
10/4/2016,199.5016,189.9234264,189.8592526,1,0,503.8382832,0,,526.7141517
10/5/2016,200.3844,189.9720086,189.8993948,1,0,503.8382832,0,,526.7141517
10/6/2016,200.5238,190.0180823,189.9405783,1,0,503.8382832,0,,526.7141517
10/7/2016,199.8362,190.0620227,189.9865235,1,0,503.8382832,0,,526.7141517
10/10/2016,200.877,190.1095364,190.0350957,1,0,503.8382832,0,,526.7141517
10/11/2016,198.34,190.1456423,190.0758804,1,0,503.8382832,0,,526.7141517
10/12/2016,198.6002,190.1819386,190.1292652,1,0,503.8382832,0,,526.7141517
10/13/2016,197.9497,190.218875,190.1889178,1,0,503.8382832,0,,526.7141517
10/14/2016,198.0519,190.2480486,190.2368339,1,0,503.8382832,0,,526.7141517
10/17/2016,197.3642,190.2829855,190.282353,1,0,503.8382832,0,,526.7141517
10/18/2016,198.6002,190.3356132,190.3203539,1,0,503.8382832,0,,526.7141517
10/19/2016,199.1299,190.3740691,190.3613696,1,0,503.8382832,0,,526.7141517
10/20/2016,198.7582,190.4160864,190.3977635,1,0,503.8382832,0,,526.7141517
10/21/2016,198.8511,190.4643141,190.4355104,1,0,503.8382832,0,,526.7141517
10/24/2016,199.6968,190.5230427,190.475827,1,0,503.8382832,0,,526.7141517
10/25/2016,199.0277,190.5765386,190.513353,1,0,503.8382832,0,,526.7141517
10/26/2016,198.6281,190.644715,190.5481926,1,0,503.8382832,0,,526.7141517
10/27/2016,198.0984,190.7062664,190.5841696,1,0,503.8382832,0,,526.7141517
10/28/2016,197.5129,190.75635,190.6097313,1,0,503.8382832,0,,526.7141517
10/31/2016,197.5222,190.7940723,190.6438361,1,0,503.8382832,0,,526.7141517
11/1/2016,196.0911,190.8383959,190.6832665,1,0,503.8382832,0,,526.7141517
11/2/2016,194.9109,190.8923568,190.701707,1,0,503.8382832,0,,526.7141517
11/3/2016,194.0188,190.9353995,190.7212913,1,0,503.8382832,0,,526.7141517
11/4/2016,193.805,190.9698586,190.7454826,1,0,503.8382832,0,,526.7141517
11/7/2016,198.0798,191.0132664,190.7946274,1,0,503.8382832,0,,526.7141517
11/8/2016,198.9719,191.0621432,190.8455548,1,0,503.8382832,0,,526.7141517
11/9/2016,201.0807,191.1225605,190.9214304,1,0,503.8382832,0,,526.7141517
11/10/2016,201.5832,191.1761523,190.995457,1,0,503.8382832,0,,526.7141517
11/11/2016,201.1186,191.2337473,191.05904,1,0,503.8382832,0,,526.7141517
11/14/2016,201.2766,191.3006291,191.1114457,1,0,503.8382832,0,,526.7141517
11/15/2016,202.8471,191.3865077,191.1832161,1,0,503.8382832,0,,526.7141517
11/16/2016,202.4661,191.4692368,191.2676796,1,0,503.8382832,0,,526.7141517
11/17/2016,203.5069,191.5672623,191.3501035,1,0,503.8382832,0,,526.7141517
11/18/2016,203.0515,191.6830586,191.4232665,1,0,503.8382832,0,,526.7141517
11/21/2016,204.5849,191.8146723,191.49307,1,0,503.8382832,0,,526.7141517
11/22/2016,204.9845,191.9473245,191.5659635,1,0,503.8382832,0,,526.7141517
11/23/2016,205.096,192.0740332,191.6412117,1,0,503.8382832,0,,526.7141517
11/25/2016,205.858,192.2242995,191.7110596,1,0,503.8382832,0,,526.7141517
11/28/2016,204.8915,192.3572777,191.7825543,1,0,503.8382832,0,,526.7141517
11/29/2016,205.2911,192.50921,191.8639826,1,0,503.8382832,0,,526.7141517
11/30/2016,204.7986,192.6578636,191.9546122,1,0,503.8382832,0,,526.7141517
12/1/2016,204.0459,192.8131205,192.040613,1,0,503.8382832,0,,526.7141517
12/2/2016,204.1481,192.9645159,192.1371643,1,0,503.8382832,0,,526.7141517
12/5/2016,205.3748,193.1055559,192.2580274,1,0,503.8382832,0,,526.7141517
12/6/2016,206.0253,193.2615323,192.3901813,1,0,503.8382832,0,,526.7141517
12/7/2016,208.7202,193.41911,192.5333083,1,0,503.8382832,0,,526.7141517
12/8/2016,209.2314,193.5876214,192.6724878,1,0,503.8382832,0,,526.7141517
12/9/2016,210.4952,193.7578009,192.8363826,1,0,503.8382832,0,,526.7141517
12/12/2016,210.2536,193.9077036,192.9868926,1,0,503.8382832,0,,526.7141517
12/13/2016,211.6568,194.0642786,193.1598961,1,0,503.8382832,0,,526.7141517
12/14/2016,209.9097,194.2274295,193.3243087,1,0,503.8382832,0,,526.7141517
12/15/2016,210.774,194.3897668,193.5020678,1,0,503.8382832,0,,526.7141517
12/16/2016,210.3641,194.5489932,193.673907,1,0,503.8382832,0,,526.7141517
12/19/2016,210.8222,194.7254845,193.8324991,1,0,503.8382832,0,,526.7141517
12/20/2016,211.6354,194.9161959,194.0060857,1,0,503.8382832,0,,526.7141517
12/21/2016,211.0465,195.1041886,194.1669265,1,0,503.8382832,0,,526.7141517
12/22/2016,210.6819,195.2911895,194.3344178,1,0,503.8382832,0,,526.7141517
12/23/2016,210.9904,195.4896173,194.4993513,1,0,503.8382832,0,,526.7141517
12/27/2016,211.5139,195.6747432,194.6482161,1,0,503.8382832,0,,526.7141517
12/28/2016,209.7658,195.8388205,194.7897617,1,0,503.8382832,0,,526.7141517
12/29/2016,209.7191,195.9897909,194.9449904,1,0,503.8382832,0,,526.7141517
12/30/2016,208.9526,196.1405632,195.0923504,1,0,503.8382832,0,,526.7141517
1/3/2017,210.5511,196.2989759,195.245467,1,0,503.8382832,0,,526.7141517
1/4/2017,211.8037,196.4515186,195.4185522,1,0,503.8382832,0,,526.7141517
1/5/2017,211.6354,196.6135286,195.6009717,1,0,503.8382832,0,,526.7141517
1/6/2017,212.3926,196.77532,195.7866435,1,0,503.8382832,0,,526.7141517
1/9/2017,211.6915,196.9241914,195.9699035,1,0,503.8382832,0,,526.7141517
1/10/2017,211.6915,197.0749377,196.1627522,1,0,503.8382832,0,,526.7141517
1/11/2017,212.2898,197.2347645,196.3432026,1,0,503.8382832,0,,526.7141517
1/12/2017,211.7569,197.3732432,196.508803,1,0,503.8382832,0,,526.7141517
1/13/2017,212.243,197.5102291,196.664183,1,0,503.8382832,0,,526.7141517
1/17/2017,211.4952,197.6405923,196.8194548,1,0,503.8382832,0,,526.7141517
1/18/2017,211.9626,197.7703555,196.977117,1,0,503.8382832,0,,526.7141517
1/19/2017,211.1774,197.8958841,197.1203043,1,0,503.8382832,0,,526.7141517
1/20/2017,211.9532,198.0340486,197.2766522,1,0,503.8382832,0,,526.7141517
1/23/2017,211.4017,198.16563,197.4271009,1,0,503.8382832,0,,526.7141517
1/24/2017,212.7572,198.3027073,197.574133,1,0,503.8382832,0,,526.7141517
1/25/2017,214.5987,198.4347609,197.7309652,1,0,503.8382832,0,,526.7141517
1/26/2017,214.3743,198.5668764,197.8929061,1,0,503.8382832,0,,526.7141517
1/27/2017,214.0378,198.6988345,198.0352809,1,0,503.8382832,0,,526.7141517
1/30/2017,212.7104,198.8198927,198.168343,1,0,503.8382832,0,,526.7141517
1/31/2017,212.6917,198.9355,198.2982404,1,0,503.8382832,0,,526.7141517
2/1/2017,212.7759,199.0481641,198.4258978,1,0,503.8382832,0,,526.7141517
2/2/2017,212.9161,199.1602527,198.5535283,1,0,503.8382832,0,,526.7141517
2/3/2017,214.3837,199.2794723,198.696253,1,0,503.8382832,0,,526.7141517
2/6/2017,214.0004,199.4025973,198.8334122,1,0,503.8382832,0,,526.7141517
2/7/2017,214.0098,199.5261377,198.9699757,1,0,503.8382832,0,,526.7141517
2/8/2017,214.2902,199.6504509,199.0949465,1,0,503.8382832,0,,526.7141517
2/9/2017,215.5615,199.7726795,199.2264796,1,0,503.8382832,0,,526.7141517
2/10/2017,216.4122,199.8950155,199.3630239,1,0,503.8382832,0,,526.7141517
2/13/2017,217.59,200.0247955,199.5000343,1,0,503.8382832,0,,526.7141517
2/14/2017,218.4594,200.1526741,199.6356922,1,0,503.8382832,0,,526.7141517
2/15/2017,219.5998,200.2885373,199.773127,1,0,503.8382832,0,,526.7141517
2/16/2017,219.4128,200.4321668,199.9085887,1,0,503.8382832,0,,526.7141517
2/17/2017,219.7587,200.5680418,200.0459943,1,0,503.8382832,0,,526.7141517
2/21/2017,221.0674,200.7201923,200.1944922,1,0,503.8382832,0,,526.7141517
2/22/2017,220.8711,200.8691541,200.342493,1,0,503.8382832,0,,526.7141517
2/23/2017,221.0207,201.0207991,200.4906643,1,0,503.8382832,0,,526.7141517
2/24/2017,221.3011,201.1657755,200.6325335,1,0,503.8382832,0,,526.7141517
2/27/2017,221.647,201.3036241,200.7723104,1,0,503.8382832,0,,526.7141517
2/28/2017,221.0487,201.438715,200.9114857,1,0,503.8382832,0,,526.7141517
3/1/2017,224.1428,201.5888314,201.0585148,1,0,503.8382832,0,,526.7141517
3/2/2017,222.7313,201.7264309,201.2020861,1,0,503.8382832,0,,526.7141517
3/3/2017,222.8715,201.861905,201.3545087,1,0,503.8382832,0,,526.7141517
3/6/2017,222.2078,201.9935264,201.4951243,1,0,503.8382832,0,,526.7141517
3/7/2017,221.5441,202.1268555,201.6427322,1,0,503.8382832,0,,526.7141517
3/8/2017,221.1328,202.258315,201.7863552,1,0,503.8382832,0,,526.7141517
3/9/2017,221.4133,202.3925545,201.9331139,1,0,503.8382832,0,,526.7141517
3/10/2017,222.1891,202.5290277,202.0756478,1,0,503.8382832,0,,526.7141517
3/13/2017,222.3013,202.6642095,202.2103478,1,0,503.8382832,0,,526.7141517
3/14/2017,221.4507,202.8034795,202.341313,1,0,503.8382832,0,,526.7141517
3/15/2017,223.367,202.9561286,202.4815296,1,0,503.8382832,0,,526.7141517
3/16/2017,222.9276,203.0999273,202.614,1,0,503.8382832,0,,526.7141517
3/17/2017,222.5379,203.249525,202.7421335,1,0,503.8382832,0,,526.7141517
3/20/2017,222.2938,203.4028182,202.8684061,1,0,503.8382832,0,,526.7141517
3/21/2017,219.4397,203.5433055,202.9867887,1,0,503.8382832,0,,526.7141517
3/22/2017,219.9561,203.6830041,203.1074165,1,0,503.8382832,0,,526.7141517
3/23/2017,219.7213,203.8209282,203.228463,1,0,503.8382832,0,,526.7141517
3/24/2017,219.5617,203.9474205,203.3475791,1,0,503.8382832,0,,526.7141517
3/27/2017,219.3364,204.0810414,203.4639926,1,0,503.8382832,0,,526.7141517
3/28/2017,220.9325,204.2216664,203.5949543,1,0,503.8382832,0,,526.7141517
3/29/2017,221.139,204.3707555,203.7312796,1,0,503.8382832,0,,526.7141517
3/30/2017,221.8432,204.5146,203.8641113,1,0,503.8382832,0,,526.7141517
3/31/2017,221.3268,204.6641632,204.0019391,1,0,503.8382832,0,,526.7141517
4/3/2017,220.9419,204.8117295,204.1426896,1,0,503.8382832,0,,526.7141517
4/4/2017,221.0827,204.9629041,204.2842122,1,0,503.8382832,0,,526.7141517
4/5/2017,220.4255,205.1056982,204.4198778,1,0,503.8382832,0,,526.7141517
4/6/2017,221.0451,205.2524791,204.5575609,1,0,503.8382832,0,,526.7141517
4/7/2017,220.8198,205.3871145,204.6840235,1,0,503.8382832,0,,526.7141517
4/10/2017,220.9513,205.5164527,204.8188561,1,0,503.8382832,0,,526.7141517
4/11/2017,220.6884,205.644345,204.9523057,1,0,503.8382832,0,,526.7141517
4/12/2017,219.7213,205.7640786,205.0887487,1,0,503.8382832,0,,526.7141517
4/13/2017,218.2943,205.8789982,205.2109091,1,0,503.8382832,0,,526.7141517
4/17/2017,220.2283,206.0009109,205.3491935,1,0,503.8382832,0,,526.7141517
4/18/2017,219.5711,206.1171605,205.4843839,1,0,503.8382832,0,,526.7141517
4/19/2017,219.1674,206.2342091,205.6206583,1,0,503.8382832,0,,526.7141517
4/20/2017,220.9513,206.3548927,205.75953,1,0,503.8382832,0,,526.7141517
4/21/2017,220.2471,206.4709959,205.8964596,1,0,503.8382832,0,,526.7141517
4/24/2017,222.6694,206.5952245,206.033283,1,0,503.8382832,0,,526.7141517
4/25/2017,223.965,206.726555,206.1701009,1,0,503.8382832,0,,526.7141517
4/26/2017,223.8242,206.8656491,206.3060665,1,0,503.8382832,0,,526.7141517
4/27/2017,224.0119,207.0123727,206.4392491,1,0,503.8382832,0,,526.7141517
4/28/2017,223.5237,207.1585882,206.5719087,1,0,503.8382832,0,,526.7141517
5/1/2017,224.087,207.3085764,206.7052978,1,0,503.8382832,0,,526.7141517
5/2/2017,224.1715,207.4563564,206.8364948,1,0,503.8382832,0,,526.7141517
5/3/2017,223.8993,207.606125,206.9690278,1,0,503.8382832,0,,526.7141517
5/4/2017,224.1622,207.7514991,207.0984248,1,0,503.8382832,0,,526.7141517
5/5/2017,225.0447,207.898405,207.2303391,1,0,503.8382832,0,,526.7141517
5/8/2017,225.0071,208.0465686,207.3593304,1,0,503.8382832,0,,526.7141517
5/9/2017,224.8006,208.1824045,207.4885839,1,0,503.8382832,0,,526.7141517
5/10/2017,225.2043,208.3523523,207.6276309,1,0,503.8382832,0,,526.7141517
5/11/2017,224.7442,208.5350445,207.7711591,1,0,503.8382832,0,,526.7141517
5/12/2017,224.3687,208.7009014,207.9146913,1,0,503.8382832,0,,526.7141517
5/15/2017,225.608,208.8578486,208.0647713,1,0,503.8382832,0,,526.7141517
5/16/2017,225.4015,209.0020264,208.2114739,1,0,503.8382832,0,,526.7141517
5/17/2017,221.4019,209.1261505,208.3438726,1,0,503.8382832,0,,526.7141517
5/18/2017,222.2938,209.2606782,208.4748026,1,0,503.8382832,0,,526.7141517
5/19/2017,223.7397,209.396525,208.6096474,1,0,503.8382832,0,,526.7141517
5/22/2017,224.8757,209.5380986,208.7507978,1,0,503.8382832,0,,526.7141517
5/23/2017,225.3733,209.6688045,208.8832178,1,0,503.8382832,0,,526.7141517
5/24/2017,225.899,209.7987477,209.048797,1,0,503.8382832,0,,526.7141517
5/25/2017,226.9787,209.9270845,209.2332613,1,0,503.8382832,0,,526.7141517
5/26/2017,226.9318,210.0553341,209.4030509,1,0,503.8382832,0,,526.7141517
5/30/2017,226.7346,210.1776441,209.5580726,1,0,503.8382832,0,,526.7141517
5/31/2017,226.6783,210.3009168,209.701533,1,0,503.8382832,0,,526.7141517
6/1/2017,228.4809,210.4299491,209.8510387,1,0,503.8382832,0,,526.7141517
6/2/2017,229.2414,210.5633595,210.0099243,1,0,503.8382832,0,,526.7141517
6/5/2017,229.0724,210.69224,210.1630504,1,0,503.8382832,0,,526.7141517
6/6/2017,228.3401,210.8212382,210.3135313,1,0,503.8382832,0,,526.7141517
6/7/2017,228.7626,210.9480591,210.4532904,1,0,503.8382832,0,,526.7141517
6/8/2017,228.8752,211.0778714,210.5905239,1,0,503.8382832,0,,526.7141517
6/9/2017,228.5279,211.205685,210.7200165,1,0,503.8382832,0,,526.7141517
6/12/2017,228.4809,211.3342514,210.8494252,1,0,503.8382832,0,,526.7141517
6/13/2017,229.5982,211.4668459,210.9788678,1,0,503.8382832,0,,526.7141517
6/14/2017,229.3071,211.5966464,211.1082104,1,0,503.8382832,0,,526.7141517
6/15/2017,228.8658,211.7251973,211.2333061,1,0,503.8382832,0,,526.7141517
6/16/2017,228.9157,211.85982,211.3595,1,0,503.8382832,0,,526.7141517
6/19/2017,230.8214,212.0004541,211.4903813,1,0,503.8382832,0,,526.7141517
6/20/2017,229.2648,212.1330473,211.6177913,1,0,503.8382832,0,,526.7141517
6/21/2017,229.2082,212.2579432,211.7410357,1,0,503.8382832,0,,526.7141517
6/22/2017,229.1044,212.3829136,211.8662004,1,0,503.8382832,0,,526.7141517
6/23/2017,229.378,212.5085814,211.992153,1,0,503.8382832,0,,526.7141517
6/26/2017,229.5289,212.6372045,212.1196861,1,0,503.8382832,0,,526.7141517
6/27/2017,227.6798,212.7531777,212.2381748,1,0,503.8382832,0,,526.7141517
6/28/2017,229.7176,212.8792123,212.3641165,1,0,503.8382832,0,,526.7141517
6/29/2017,227.6987,212.9934223,212.4820039,1,0,503.8382832,0,,526.7141517
6/30/2017,228.1232,213.1143109,212.6073278,1,0,503.8382832,0,,526.7141517
7/3/2017,228.51,213.2352345,212.7317978,1,0,503.8382832,0,,526.7141517
7/5/2017,229.0384,213.3565009,212.8576417,1,0,503.8382832,0,,526.7141517
7/6/2017,226.9439,213.4695914,212.9672626,1,0,503.8382832,0,,526.7141517
7/7/2017,228.4157,213.5894141,213.0838052,1,0,503.8382832,0,,526.7141517
7/10/2017,228.661,213.7085023,213.2008917,1,0,503.8382832,0,,526.7141517
7/11/2017,228.4912,213.8315259,213.3194109,1,0,503.8382832,0,,526.7141517
7/12/2017,230.2082,213.9629845,213.4413348,1,0,503.8382832,0,,526.7141517
7/13/2017,230.595,214.0979245,213.5657043,1,0,503.8382832,0,,526.7141517
7/14/2017,231.6705,214.2332527,213.6922174,1,0,503.8382832,0,,526.7141517
7/17/2017,231.6422,214.3699686,213.82315,1,0,503.8382832,0,,526.7141517
7/18/2017,231.7649,214.5098482,213.9529678,1,0,503.8382832,0,,526.7141517
7/19/2017,233.0197,214.6553891,214.0862717,1,0,503.8382832,0,,526.7141517
7/20/2017,233.1234,214.7972827,214.2213126,1,0,503.8382832,0,,526.7141517
7/21/2017,232.9159,214.9354559,214.3554917,1,0,503.8382832,0,,526.7141517
7/24/2017,232.8593,215.0734595,214.4876557,1,0,503.8382832,0,,526.7141517
7/25/2017,233.4253,215.2161373,214.626783,1,0,503.8382832,0,,526.7141517
7/26/2017,233.4348,215.3808386,214.7665548,1,0,503.8382832,0,,526.7141517
7/27/2017,233.2178,215.5316932,214.9070313,1,0,503.8382832,0,,526.7141517
7/28/2017,232.9442,215.6943745,215.0420135,1,0,503.8382832,0,,526.7141517
7/31/2017,232.8121,215.8567918,215.1778717,1,0,503.8382832,0,,526.7141517
8/1/2017,233.331,216.0126159,215.3184787,1,0,503.8382832,0,,526.7141517
8/2/2017,233.4442,216.1724341,215.4595374,1,0,503.8382832,0,,526.7141517
8/3/2017,232.9914,216.330025,215.5946878,1,0,503.8382832,0,,526.7141517
8/4/2017,233.4159,216.4895032,215.7290274,1,0,503.8382832,0,,526.7141517
8/7/2017,233.8499,216.6408164,215.8653378,1,0,503.8382832,0,,526.7141517
8/8/2017,233.2744,216.7837686,216.0011561,1,0,503.8382832,0,,526.7141517
8/9/2017,233.265,216.931705,216.1579583,1,0,503.8382832,0,,526.7141517
8/10/2017,229.9724,217.0720673,216.2881435,1,0,503.8382832,0,,526.7141517
8/11/2017,230.312,217.208355,216.4323074,1,0,503.8382832,0,,526.7141517
8/14/2017,232.5951,217.3505009,216.5867196,1,0,503.8382832,0,,526.7141517
8/15/2017,232.5668,217.5007973,216.7324461,1,0,503.8382832,0,,526.7141517
8/16/2017,232.9725,217.6460945,216.8832648,1,0,503.8382832,0,,526.7141517
8/17/2017,229.3403,217.7770786,217.0181296,1,0,503.8382832,0,,526.7141517
8/18/2017,228.9817,217.9110791,217.1513948,1,0,503.8382832,0,,526.7141517
8/21/2017,229.161,218.0418818,217.2757426,1,0,503.8382832,0,,526.7141517
8/22/2017,231.5573,218.1829432,217.4050139,1,0,503.8382832,0,,526.7141517
8/23/2017,230.7271,218.3233564,217.5354839,1,0,503.8382832,0,,526.7141517
8/24/2017,230.1893,218.4565941,217.6706865,1,0,503.8382832,0,,526.7141517
8/25/2017,230.7271,218.6038082,217.8028535,1,0,503.8382832,0,,526.7141517
8/28/2017,230.7365,218.7498823,217.9307383,1,0,503.8382832,0,,526.7141517
8/29/2017,231.0007,218.9001141,218.0676909,1,0,503.8382832,0,,526.7141517
8/30/2017,232.0951,219.0548559,218.2028561,1,0,503.8382832,0,,526.7141517
8/31/2017,233.4914,219.2190705,218.3461935,1,0,503.8382832,0,,526.7141517
9/1/2017,233.8216,219.3791677,218.4954109,1,0,503.8382832,0,,526.7141517
9/5/2017,232.1423,219.5292241,218.6334887,1,0,503.8382832,0,,526.7141517
9/6/2017,232.9347,219.6845718,218.7744057,1,0,503.8382832,0,,526.7141517
9/7/2017,232.9064,219.8393686,218.9181891,1,0,503.8382832,0,,526.7141517
9/8/2017,232.6328,219.9890777,219.0562578,1,0,503.8382832,0,,526.7141517
9/11/2017,235.1141,220.1531068,219.2161452,1,0,503.8382832,0,,526.7141517
9/12/2017,235.9066,220.3225545,219.378347,1,0,503.8382832,0,,526.7141517
9/13/2017,236.0198,220.4949245,219.5438691,1,0,503.8382832,0,,526.7141517
9/14/2017,235.9443,220.6696127,219.7086187,1,0,503.8382832,0,,526.7141517
9/15/2017,236.26,220.8456936,219.8777309,1,0,503.8382832,0,,526.7141517
9/18/2017,236.7625,221.0305636,220.0436539,1,0,503.8382832,0,,526.7141517
9/19/2017,236.9995,221.2218755,220.2083043,1,0,503.8382832,0,,526.7141517
9/20/2017,237.0848,221.41763,220.3749417,1,0,503.8382832,0,,526.7141517
9/21/2017,236.4496,221.6114691,220.5384135,1,0,503.8382832,0,,526.7141517
9/22/2017,236.497,221.7860927,220.6984143,1,0,503.8382832,0,,526.7141517
9/25/2017,236.0135,221.9544636,220.8592222,1,0,503.8382832,0,,526.7141517
9/26/2017,236.1557,222.1138955,221.0223857,1,0,503.8382832,0,,526.7141517
9/27/2017,237.0753,222.2752232,221.1918504,1,0,503.8382832,0,,526.7141517
9/28/2017,237.3598,222.4399559,221.3650978,1,0,503.8382832,0,,526.7141517
9/29/2017,238.1941,222.6077627,221.5419322,1,0,503.8382832,0,,526.7141517
10/2/2017,239.2276,222.7731286,221.7294822,1,0,503.8382832,0,,526.7141517
10/3/2017,239.7395,222.9425532,221.9243891,1,0,503.8382832,0,,526.7141517
10/4/2017,240.024,223.10854,222.1244117,1,0,503.8382832,0,,526.7141517
10/5/2017,241.4461,223.2830609,222.331547,1,0,503.8382832,0,,526.7141517
10/6/2017,241.1712,223.4493623,222.5189009,1,0,503.8382832,0,,526.7141517
10/9/2017,240.773,223.6120373,222.7006448,1,0,503.8382832,0,,526.7141517
10/10/2017,241.4082,223.7770927,222.8759817,1,0,503.8382832,0,,526.7141517
10/11/2017,241.7875,223.9404086,223.050783,1,0,503.8382832,0,,526.7141517
10/12/2017,241.4272,224.10648,223.2260378,1,0,503.8382832,0,,526.7141517
10/13/2017,241.7211,224.2720709,223.4018835,1,0,503.8382832,0,,526.7141517
10/16/2017,242.0434,224.4413655,223.5723022,1,0,503.8382832,0,,526.7141517
10/17/2017,242.2141,224.6148573,223.7451196,1,0,503.8382832,0,,526.7141517
10/18/2017,242.4511,224.7889618,223.9144422,1,0,503.8382832,0,,526.7141517
10/19/2017,242.5175,224.9577923,224.0860335,1,0,503.8382832,0,,526.7141517
10/20/2017,243.769,225.1293545,224.2563991,1,0,503.8382832,0,,526.7141517
10/23/2017,242.8209,225.2843577,224.4209052,1,0,503.8382832,0,,526.7141517
10/24/2017,243.2475,225.4389764,224.5867813,1,0,503.8382832,0,,526.7141517
10/25/2017,242.0434,225.5823773,224.7441091,1,0,503.8382832,0,,526.7141517
10/26/2017,242.3563,225.7282986,224.9069996,1,0,503.8382832,0,,526.7141517
10/27/2017,244.3379,225.8768491,225.0767683,1,0,503.8382832,0,,526.7141517
10/30/2017,243.4277,226.0292036,225.2447209,1,0,503.8382832,0,,526.7141517
10/31/2017,243.8069,226.1793532,225.4175948,1,0,503.8382832,0,,526.7141517
11/1/2017,244.1293,226.3328314,225.5914261,1,0,503.8382832,0,,526.7141517
11/2/2017,244.2241,226.4846582,225.7603361,1,0,503.8382832,0,,526.7141517
11/3/2017,245.0395,226.636495,225.929963,1,0,503.8382832,0,,526.7141517
11/6/2017,245.4187,226.7927323,226.0895217,1,0,503.8382832,0,,526.7141517
11/7/2017,245.2481,226.9498514,226.2461161,1,0,503.8382832,0,,526.7141517
11/8/2017,245.6652,227.1074641,226.3990291,1,0,503.8382832,0,,526.7141517
11/9/2017,244.774,227.2586464,226.5491178,1,0,503.8382832,0,,526.7141517
11/10/2017,244.6982,227.41743,226.6927761,1,0,503.8382832,0,,526.7141517
11/13/2017,244.9257,227.57746,226.8450196,1,0,503.8382832,0,,526.7141517
11/14/2017,244.3568,227.7383882,226.9910317,1,0,503.8382832,0,,526.7141517
11/15/2017,243.1338,227.8864914,227.1335087,1,0,503.8382832,0,,526.7141517
11/16/2017,245.2007,228.0382959,227.2829804,1,0,503.8382832,0,,526.7141517
11/17/2017,244.4801,228.18759,227.4257835,1,0,503.8382832,0,,526.7141517
11/20/2017,244.8973,228.3353386,227.5729609,1,0,503.8382832,0,,526.7141517
11/21/2017,246.4996,228.4935573,227.72869,1,0,503.8382832,0,,526.7141517
11/22/2017,246.2815,228.6507845,227.8821296,1,0,503.8382832,0,,526.7141517
11/24/2017,246.8504,228.8078782,228.0357665,1,0,503.8382832,0,,526.7141517
11/27/2017,246.7271,228.9668336,228.1964678,1,0,503.8382832,0,,526.7141517
11/28/2017,249.2301,229.1349568,228.3682548,1,0,503.8382832,0,,526.7141517
11/29/2017,249.0784,229.3057895,228.5427148,1,0,503.8382832,0,,526.7141517
11/30/2017,251.2591,229.48441,228.7197061,1,0,503.8382832,0,,526.7141517
12/1/2017,250.7376,229.6642291,228.8889839,1,0,503.8382832,0,,526.7141517
12/4/2017,250.4342,229.8391427,229.0576743,1,0,503.8382832,0,,526.7141517
12/5/2017,249.5335,230.0124691,229.2191565,1,0,503.8382832,0,,526.7141517
12/6/2017,249.5809,230.1798495,229.383893,1,0,503.8382832,0,,526.7141517
12/7/2017,250.3679,230.3424368,229.5520513,1,0,503.8382832,0,,526.7141517
12/8/2017,251.7331,230.5122495,229.7235439,1,0,503.8382832,0,,526.7141517
12/11/2017,252.4916,230.6870395,229.9006513,1,0,503.8382832,0,,526.7141517
12/12/2017,252.9373,230.8698891,230.077583,1,0,503.8382832,0,,526.7141517
12/13/2017,252.9088,231.0526941,230.2576422,1,0,503.8382832,0,,526.7141517
12/14/2017,251.8754,231.2304191,230.4311761,1,0,503.8382832,0,,526.7141517
12/15/2017,253.9625,231.4169936,230.6171983,1,0,503.8382832,0,,526.7141517
12/18/2017,255.5729,231.6042173,230.8068491,1,0,503.8382832,0,,526.7141517
12/19/2017,254.5914,231.7887218,230.9946304,1,0,503.8382832,0,,526.7141517
12/20/2017,254.458,231.9725773,231.1759383,1,0,503.8382832,0,,526.7141517
12/21/2017,254.9821,232.1575405,231.3515183,1,0,503.8382832,0,,526.7141517
12/22/2017,254.9154,232.3364218,231.5277839,1,0,503.8382832,0,,526.7141517
12/26/2017,254.6105,232.5100505,231.704187,1,0,503.8382832,0,,526.7141517
12/27/2017,254.7343,232.6788882,231.8868996,1,0,503.8382832,0,,526.7141517
12/28/2017,255.2584,232.8461564,232.0719722,1,0,503.8382832,0,,526.7141517
12/29/2017,254.296,233.0038664,232.2524943,1,0,503.8382832,0,,526.7141517
1/2/2018,256.1161,233.1706995,232.4403204,1,0,503.8382832,0,,526.7141517
1/3/2018,257.736,233.3433236,232.6288087,1,0,503.8382832,0,,526.7141517
1/4/2018,258.8224,233.5149373,232.823687,1,0,503.8382832,0,,526.7141517
1/5/2018,260.5471,233.6952827,233.026023,1,0,503.8382832,0,,526.7141517
1/8/2018,261.0236,233.8771141,233.2292117,1,0,503.8382832,0,,526.7141517
1/9/2018,261.6144,234.0603564,233.4294417,1,0,503.8382832,0,,526.7141517
1/10/2018,261.2142,234.2402073,233.624233,1,0,503.8382832,0,,526.7141517
1/11/2018,263.12,234.4314405,233.8221896,1,0,503.8382832,0,,526.7141517
1/12/2018,264.8353,234.6164064,234.0238239,1,0,503.8382832,0,,526.7141517
1/16/2018,263.93,234.8036732,234.2165639,1,0,503.8382832,0,,526.7141517
1/17/2018,266.4457,235.0017377,234.4210548,1,0,503.8382832,0,,526.7141517
1/18/2018,265.9978,235.2007832,234.6220943,1,0,503.8382832,0,,526.7141517
1/19/2018,267.2081,235.4083468,234.8227061,1,0,503.8382832,0,,526.7141517
1/22/2018,269.3807,235.6276555,235.0336174,1,0,503.8382832,0,,526.7141517
1/23/2018,269.9525,235.8482882,235.2463643,1,0,503.8382832,0,,526.7141517
1/24/2018,269.8476,236.0649177,235.4574361,1,0,503.8382832,0,,526.7141517
1/25/2018,269.962,236.2815573,235.6675013,1,0,503.8382832,0,,526.7141517
1/26/2018,273.0876,236.5162705,235.8937574,1,0,503.8382832,0,,526.7141517
1/29/2018,271.277,236.7340432,236.0986887,1,0,503.8382832,0,,526.7141517
1/30/2018,268.4945,236.9411655,236.2976591,1,0,503.8382832,0,,526.7141517
1/31/2018,268.6279,237.1506655,236.4966,1,0,503.8382832,0,,526.7141517
2/1/2018,268.323,237.3598891,236.6971009,1,0,503.8382832,0,,526.7141517
2/2/2018,262.4816,237.5555341,236.87509,1,0,503.8382832,0,,526.7141517
2/5/2018,251.5039,237.6989332,237.0071383,1,0,503.8382832,0,,526.7141517
2/6/2018,256.4591,237.8659232,237.1595113,1,0,503.8382832,0,,526.7141517
2/7/2018,255.0679,238.027315,237.3024626,1,0,503.8382832,0,,526.7141517
2/8/2018,245.5006,238.1462432,237.4033291,1,0,503.8382832,0,,526.7141517
2/9/2018,249.1884,238.2746791,237.5239278,1,0,503.8382832,0,,526.7141517
2/12/2018,252.8476,238.4188091,237.6521043,1,0,503.8382832,0,,526.7141517
2/13/2018,253.4765,238.5625968,237.7849257,1,0,503.8382832,0,,526.7141517
2/14/2018,256.8975,238.7242818,237.9343152,1,0,503.8382832,0,,526.7141517
2/15/2018,260.1755,238.9026164,238.0990183,1,0,503.8382832,0,,526.7141517
2/16/2018,260.2517,239.0806573,238.2764617,1,0,503.8382832,0,,526.7141517
2/20/2018,258.6222,239.2542786,238.4445752,1,0,503.8382832,0,,526.7141517
2/21/2018,257.3358,239.4192364,238.6081165,1,0,503.8382832,0,,526.7141517
2/22/2018,257.6693,239.5867341,238.7738017,1,0,503.8382832,0,,526.7141517
2/23/2018,261.7764,239.7723027,238.9583235,1,0,503.8382832,0,,526.7141517
2/26/2018,264.8162,239.9728836,239.1491222,1,0,503.8382832,0,,526.7141517
2/27/2018,261.5096,240.1628305,239.3246465,1,0,503.8382832,0,,526.7141517
2/28/2018,258.8605,240.3472223,239.4855913,1,0,503.8382832,0,,526.7141517
3/1/2018,255.0964,240.5057136,239.6324157,1,0,503.8382832,0,,526.7141517
3/2/2018,256.4115,240.67317,239.7866313,1,0,503.8382832,0,,526.7141517
3/5/2018,259.3751,240.8559323,239.95312,1,0,503.8382832,0,,526.7141517
3/6/2018,260.0326,241.0335745,240.1253248,1,0,503.8382832,0,,526.7141517
3/7/2018,259.9373,241.2139845,240.2944213,1,0,503.8382832,0,,526.7141517
3/8/2018,261.1951,241.3891014,240.4699661,1,0,503.8382832,0,,526.7141517
3/9/2018,265.7406,241.5789905,240.6647022,1,0,503.8382832,0,,526.7141517
3/12/2018,265.407,241.7680032,240.8591309,1,0,503.8382832,0,,526.7141517
3/13/2018,263.6918,241.9483664,241.050307,1,0,503.8382832,0,,526.7141517
3/14/2018,262.3386,242.1247977,241.2418039,1,0,503.8382832,0,,526.7141517
3/15/2018,262.0528,242.2973695,241.4236496,1,0,503.8382832,0,,526.7141517
3/16/2018,262.3356,242.4708427,241.6095822,1,0,503.8382832,0,,526.7141517
3/19/2018,258.7861,242.6294191,241.7818374,1,0,503.8382832,0,,526.7141517
3/20/2018,259.2262,242.7888009,241.94825,1,0,503.8382832,0,,526.7141517
3/21/2018,258.7287,242.94191,242.1155613,1,0,503.8382832,0,,526.7141517
3/22/2018,252.2612,243.0657923,242.2442213,1,0,503.8382832,0,,526.7141517
3/23/2018,246.8844,243.1661732,242.3438709,1,0,503.8382832,0,,526.7141517
3/26/2018,253.6389,243.2954214,242.4735,1,0,503.8382832,0,,526.7141517
3/27/2018,249.324,243.4071477,242.5835526,1,0,503.8382832,0,,526.7141517
3/28/2018,248.5873,243.5172323,242.6925248,1,0,503.8382832,0,,526.7141517
3/29/2018,251.7637,243.6361218,242.8128583,1,0,503.8382832,0,,526.7141517
4/2/2018,246.3295,243.7312491,242.9091974,1,0,503.8382832,0,,526.7141517
4/3/2018,249.4867,243.8589073,243.020447,1,0,503.8382832,0,,526.7141517
4/4/2018,252.156,243.9946445,243.1421591,1,0,503.8382832,0,,526.7141517
4/5/2018,254.146,244.132855,243.2686865,1,0,503.8382832,0,,526.7141517
4/6/2018,248.4821,244.2401568,243.3707517,1,0,503.8382832,0,,526.7141517
4/9/2018,249.7067,244.3507632,243.4790391,1,0,503.8382832,0,,526.7141517
4/10/2018,253.6772,244.4770277,243.6028343,1,0,503.8382832,0,,526.7141517
4/11/2018,252.3473,244.5923395,243.7228478,1,0,503.8382832,0,,526.7141517
4/12/2018,254.4234,244.7173014,243.8535204,1,0,503.8382832,0,,526.7141517
4/13/2018,253.6772,244.8397677,243.9755604,1,0,503.8382832,0,,526.7141517
4/16/2018,255.7628,244.97197,244.1075661,1,0,503.8382832,0,,526.7141517
4/17/2018,258.4991,245.1084164,244.2688583,1,0,503.8382832,0,,526.7141517
4/18/2018,258.6904,245.2422755,244.4271043,1,0,503.8382832,0,,526.7141517
4/19/2018,257.2553,245.3703795,244.5728243,1,0,503.8382832,0,,526.7141517
4/20/2018,255.074,245.4918973,244.7041213,1,0,503.8382832,0,,526.7141517
4/23/2018,255.0357,245.6113205,244.8330883,1,0,503.8382832,0,,526.7141517
4/24/2018,251.601,245.7146195,244.9448361,1,0,503.8382832,0,,526.7141517
4/25/2018,252.2229,245.8223241,245.0545935,1,0,503.8382832,0,,526.7141517
4/26/2018,254.787,245.9418973,245.175703,1,0,503.8382832,0,,526.7141517
4/27/2018,255.0261,246.0574786,245.2987096,1,0,503.8382832,0,,526.7141517
4/30/2018,253.0648,246.1654682,245.4134335,1,0,503.8382832,0,,526.7141517
5/1/2018,253.5145,246.2775077,245.5222752,1,0,503.8382832,0,,526.7141517
5/2/2018,251.8115,246.3815795,245.6204061,1,0,503.8382832,0,,526.7141517
5/3/2018,251.2566,246.4744668,245.7168591,1,0,503.8382832,0,,526.7141517
5/4/2018,254.5095,246.5892155,245.8306391,1,0,503.8382832,0,,526.7141517
5/7/2018,255.3706,246.7081355,245.9463261,1,0,503.8382832,0,,526.7141517
5/8/2018,255.3706,246.8275273,246.0615235,1,0,503.8382832,0,,526.7141517
5/9/2018,257.8389,246.956895,246.1889626,1,0,503.8382832,0,,526.7141517
5/10/2018,260.2499,247.0965359,246.3270887,1,0,503.8382832,0,,526.7141517
5/11/2018,261.044,247.2481914,246.4638096,1,0,503.8382832,0,,526.7141517
5/14/2018,261.1684,247.3911495,246.602337,1,0,503.8382832,0,,526.7141517
5/15/2018,259.3697,247.5351086,246.7349626,1,0,503.8382832,0,,526.7141517
5/16/2018,260.4604,247.6820959,246.8721135,1,0,503.8382832,0,,526.7141517
5/17/2018,260.2403,247.8263245,247.0000217,1,0,503.8382832,0,,526.7141517
5/18/2018,259.5897,247.9651941,247.1318691,1,0,503.8382832,0,,526.7141517
5/21/2018,261.5415,248.1224559,247.2724487,1,0,503.8382832,0,,526.7141517
5/22/2018,260.8144,248.2697227,247.4103183,1,0,503.8382832,0,,526.7141517
5/23/2018,261.5319,248.4191359,247.5501178,1,0,503.8382832,0,,526.7141517
5/24/2018,260.9961,248.5668855,247.6869317,1,0,503.8382832,0,,526.7141517
5/25/2018,260.3743,248.7040041,247.8290817,1,0,503.8382832,0,,526.7141517
5/29/2018,257.3797,248.8257527,247.9493517,1,0,503.8382832,0,,526.7141517
5/30/2018,260.8144,248.958225,248.093333,1,0,503.8382832,0,,526.7141517
5/31/2018,259.2166,249.0835632,248.2285217,1,0,503.8382832,0,,526.7141517
6/1/2018,261.7615,249.2199114,248.3730935,1,0,503.8382832,0,,526.7141517
6/4/2018,263.0053,249.3562095,248.5207757,1,0,503.8382832,0,,526.7141517
6/5/2018,263.1966,249.4929059,248.6783961,1,0,503.8382832,0,,526.7141517
6/6/2018,265.3971,249.6405477,248.8391848,1,0,503.8382832,0,,526.7141517
6/7/2018,265.3684,249.7883164,248.9987822,1,0,503.8382832,0,,526.7141517
6/8/2018,266.1529,249.9370782,249.1625287,1,0,503.8382832,0,,526.7141517
6/11/2018,266.5069,250.0874059,249.3203491,1,0,503.8382832,0,,526.7141517
6/12/2018,266.8513,250.2402855,249.4779852,1,0,503.8382832,0,,526.7141517
6/13/2018,265.9998,250.3905382,249.627243,1,0,503.8382832,0,,526.7141517
6/14/2018,266.6696,250.5444359,249.7795361,1,0,503.8382832,0,,526.7141517
6/15/2018,266.3305,250.6944336,249.9298213,1,0,503.8382832,0,,526.7141517
6/18/2018,265.7827,250.8414268,250.0722691,1,0,503.8382832,0,,526.7141517
6/19/2018,264.764,250.9858477,250.209837,1,0,503.8382832,0,,526.7141517
6/20/2018,265.2157,251.1303923,250.3502709,1,0,503.8382832,0,,526.7141517
6/21/2018,263.5531,251.2654068,250.4837222,1,0,503.8382832,0,,526.7141517
6/22/2018,264.0336,251.4052214,250.6168017,1,0,503.8382832,0,,526.7141517
6/25/2018,260.4394,251.5287414,250.734213,1,0,503.8382832,0,,526.7141517
6/26/2018,261.016,251.6698486,250.8550748,1,0,503.8382832,0,,526.7141517
6/27/2018,258.8537,251.7995836,250.9677248,1,0,503.8382832,0,,526.7141517
6/28/2018,260.3337,251.9256682,251.0873839,1,0,503.8382832,0,,526.7141517
6/29/2018,260.7085,252.053585,251.2064165,1,0,503.8382832,0,,526.7141517
7/2/2018,261.2659,252.1821914,251.3273804,1,0,503.8382832,0,,526.7141517
7/3/2018,260.3433,252.3231141,251.4463017,1,0,503.8382832,0,,526.7141517
7/5/2018,262.4671,252.4753205,251.5726113,1,0,503.8382832,0,,526.7141517
7/6/2018,264.6871,252.6368027,251.7066861,1,0,503.8382832,0,,526.7141517
7/9/2018,267.0705,252.7982264,251.8536257,1,0,503.8382832,0,,526.7141517
7/10/2018,268.0315,252.9677918,252.0047843,1,0,503.8382832,0,,526.7141517
7/11/2018,266.071,253.1308905,252.1617348,1,0,503.8382832,0,,526.7141517
7/12/2018,268.4832,253.3025091,252.3276965,1,0,503.8382832,0,,526.7141517
7/13/2018,268.6946,253.4750459,252.4846509,1,0,503.8382832,0,,526.7141517
7/16/2018,268.4544,253.64529,252.6406839,1,0,503.8382832,0,,526.7141517
7/17/2018,269.5403,253.8154955,252.7996743,1,0,503.8382832,0,,526.7141517
7/18/2018,270.1073,253.9819314,252.9769222,1,0,503.8382832,0,,526.7141517
7/19/2018,269.0886,254.1422359,253.1513,1,0,503.8382832,0,,526.7141517
7/20/2018,268.7811,254.3087759,253.3235613,1,0,503.8382832,0,,526.7141517
7/23/2018,269.2809,254.4739859,253.487577,1,0,503.8382832,0,,526.7141517
7/24/2018,270.6359,254.6454836,253.6610935,1,0,503.8382832,0,,526.7141517
7/25/2018,272.9424,254.8287091,253.8469765,1,0,503.8382832,0,,526.7141517
7/26/2018,272.2985,254.9977291,254.0277217,1,0,503.8382832,0,,526.7141517
7/27/2018,270.4533,255.1547595,254.2004035,1,0,503.8382832,0,,526.7141517
7/30/2018,269.0406,255.3048541,254.3657943,1,0,503.8382832,0,,526.7141517
7/31/2018,270.3668,255.46132,254.532193,1,0,503.8382832,0,,526.7141517
8/1/2018,269.9151,255.6142977,254.690557,1,0,503.8382832,0,,526.7141517
8/2/2018,271.3855,255.771675,254.8538783,1,0,503.8382832,0,,526.7141517
8/3/2018,272.5484,255.9332609,255.029557,1,0,503.8382832,0,,526.7141517
8/6/2018,273.5478,256.0990018,255.2061357,1,0,503.8382832,0,,526.7141517
8/7/2018,274.4512,256.2717364,255.3867652,1,0,503.8382832,0,,526.7141517
8/8/2018,274.3359,256.4437314,255.568083,1,0,503.8382832,0,,526.7141517
8/9/2018,273.9611,256.6162205,255.736983,1,0,503.8382832,0,,526.7141517
8/10/2018,272.1255,256.7797195,255.8944565,1,0,503.8382832,0,,526.7141517
8/13/2018,271.1068,256.9344082,256.0470087,1,0,503.8382832,0,,526.7141517
8/14/2018,272.8367,257.0956668,256.2074104,1,0,503.8382832,0,,526.7141517
8/15/2018,270.7993,257.2438723,256.3575813,1,0,503.8382832,0,,526.7141517
8/16/2018,272.9904,257.3973395,256.5150939,1,0,503.8382832,0,,526.7141517
8/17/2018,273.9515,257.5528486,256.6757548,1,0,503.8382832,0,,526.7141517
8/20/2018,274.5377,257.7097291,256.8385935,1,0,503.8382832,0,,526.7141517
8/21/2018,275.1816,257.8630723,257.0069935,1,0,503.8382832,0,,526.7141517
8/22/2018,275.0182,258.0169223,257.174477,1,0,503.8382832,0,,526.7141517
8/23/2018,274.653,258.1709223,257.3424748,1,0,503.8382832,0,,526.7141517
8/24/2018,276.306,258.3295486,257.5170413,1,0,503.8382832,0,,526.7141517
8/27/2018,278.4875,258.4963668,257.6970943,1,0,503.8382832,0,,526.7141517
8/28/2018,278.6221,258.6654345,257.8764957,1,0,503.8382832,0,,526.7141517
8/29/2018,280.1213,258.8399809,258.0587878,1,0,503.8382832,0,,526.7141517
8/30/2018,278.9873,259.0079077,258.2316561,1,0,503.8382832,0,,526.7141517
8/31/2018,278.9969,259.1751023,258.4023404,1,0,503.8382832,0,,526.7141517
9/4/2018,278.5164,259.3390355,258.5696987,1,0,503.8382832,0,,526.7141517
9/5/2018,277.7668,259.4992595,258.7276148,1,0,503.8382832,0,,526.7141517
9/6/2018,276.9307,259.6499945,258.8830909,1,0,503.8382832,0,,526.7141517
9/7/2018,276.3925,259.8025927,259.0379583,1,0,503.8382832,0,,526.7141517
9/10/2018,276.873,259.9554359,259.192153,1,0,503.8382832,0,,526.7141517
9/11/2018,277.786,260.1179023,259.3486683,1,0,503.8382832,0,,526.7141517
9/12/2018,277.8533,260.2792523,259.5070426,1,0,503.8382832,0,,526.7141517
9/13/2018,279.4966,260.4390645,259.6712839,1,0,503.8382832,0,,526.7141517
9/14/2018,279.5447,260.6032327,259.834333,1,0,503.8382832,0,,526.7141517
9/17/2018,278.0647,260.75895,259.9902052,1,0,503.8382832,0,,526.7141517
9/18/2018,279.5735,260.92006,260.151607,1,0,503.8382832,0,,526.7141517
9/19/2018,279.8714,261.0820932,260.3140152,1,0,503.8382832,0,,526.7141517
9/20/2018,282.1394,261.2507291,260.480843,1,0,503.8382832,0,,526.7141517
9/21/2018,281.8825,261.4164736,260.6506761,1,0,503.8382832,0,,526.7141517
9/24/2018,280.946,261.5787368,260.8145826,1,0,503.8382832,0,,526.7141517
9/25/2018,280.6854,261.7379195,260.9825913,1,0,503.8382832,0,,526.7141517
9/26/2018,279.8455,261.8973355,261.1455878,1,0,503.8382832,0,,526.7141517
9/27/2018,280.6275,262.0606505,261.3033687,1,0,503.8382832,0,,526.7141517
9/28/2018,280.6564,262.2230627,261.4652326,1,0,503.8382832,0,,526.7141517
10/1/2018,281.6315,262.3924932,261.6296874,1,0,503.8382832,0,,526.7141517
10/2/2018,281.4674,262.5667368,261.792027,1,0,503.8382832,0,,526.7141517
10/3/2018,281.6218,262.7322873,261.9546257,1,0,503.8382832,0,,526.7141517
10/4/2018,279.4207,262.8911082,262.1041091,1,0,503.8382832,0,,526.7141517
10/5/2018,277.8568,263.0409241,262.2451443,1,0,503.8382832,0,,526.7141517
10/8/2018,277.8568,263.1834568,262.3869213,1,0,503.8382832,0,,526.7141517
10/9/2018,277.4514,263.3251382,262.5251222,1,0,503.8382832,0,,526.7141517
10/10/2018,268.6664,263.4243018,262.6290022,1,0,503.8382832,0,,526.7141517
10/11/2018,262.7486,263.4971268,262.7074822,1,0,503.8382832,0,,526.7141517
10/12/2018,266.3977,263.5751614,262.8008387,1,0,503.8382832,0,,526.7141517
10/15/2018,264.9014,263.6470841,262.890163,1,0,503.8382832,0,,526.7141517
10/16/2018,270.6937,263.7354232,263.0099887,1,0,503.8382832,0,,526.7141517
10/17/2018,270.7419,263.8263518,263.1210374,1,0,503.8382832,0,,526.7141517
10/18/2018,266.8321,263.9008877,263.21822,1,0,503.8382832,0,,526.7141517
10/19/2018,266.6873,263.9788595,263.3129591,1,0,503.8382832,0,,526.7141517
10/22/2018,265.4902,264.0511745,263.395527,1,0,503.8382832,0,,526.7141517
10/23/2018,264.1387,264.1137691,263.473167,1,0,503.8382832,0,,526.7141517
10/24/2018,256.1357,264.1337809,263.5135378,1,0,503.8382832,0,,526.7141517
10/25/2018,260.7309,264.1712323,263.5744239,1,0,503.8382832,0,,526.7141517
10/26/2018,256.1453,264.1858141,263.60449,1,0,503.8382832,0,,526.7141517
10/29/2018,254.7262,264.194075,263.6290457,1,0,503.8382832,0,,526.7141517
10/30/2018,258.5009,264.2241909,263.6605317,1,0,503.8382832,0,,526.7141517
10/31/2018,261.2619,264.25737,263.7062896,1,0,503.8382832,0,,526.7141517
11/1/2018,264.0422,264.2958668,263.7654548,1,0,503.8382832,0,,526.7141517
11/2/2018,262.4783,264.3317164,263.8217365,1,0,503.8382832,0,,526.7141517
11/5/2018,263.9263,264.3747541,263.8841078,1,0,503.8382832,0,,526.7141517
11/6/2018,265.5964,264.4230009,263.9503187,1,0,503.8382832,0,,526.7141517
11/7/2018,271.2826,264.4973973,264.0353165,1,0,503.8382832,0,,526.7141517
11/8/2018,270.7902,264.5709414,264.1148757,1,0,503.8382832,0,,526.7141517
11/9/2018,268.1451,264.6318995,264.1809965,1,0,503.8382832,0,,526.7141517
11/12/2018,263.1347,264.6677009,264.225457,1,0,503.8382832,0,,526.7141517
11/13/2018,262.6424,264.7056391,264.27227,1,0,503.8382832,0,,526.7141517
11/14/2018,260.8468,264.7271423,264.3022017,1,0,503.8382832,0,,526.7141517
11/15/2018,263.5691,264.7536564,264.3369678,1,0,503.8382832,0,,526.7141517
11/16/2018,264.2546,264.7783482,264.3789817,1,0,503.8382832,0,,526.7141517
11/19/2018,259.7848,264.7748832,264.4021417,1,0,503.8382832,0,,526.7141517
11/20/2018,254.9772,264.7473995,264.4021204,1,0,503.8382832,0,,526.7141517
11/21/2018,255.8461,264.72118,264.406167,1,0,503.8382832,0,,526.7141517
11/23/2018,254.1373,264.6890123,264.4041096,1,0,503.8382832,0,,526.7141517
11/26/2018,258.2402,264.6668314,264.4193526,1,0,503.8382832,0,,526.7141517
11/27/2018,259.1091,264.6408032,264.4360948,1,0,503.8382832,0,,526.7141517
11/28/2018,265.0751,264.6460082,264.4829604,1,0,503.8382832,0,,526.7141517
11/29/2018,264.4959,264.6371455,264.5193943,1,0,503.8382832,0,,526.7141517
11/30/2018,266.1081,264.6376468,264.5557948,1,0,503.8382832,0,,526.7141517
12/3/2018,269.6317,264.6486632,264.6027917,1,0,503.8382832,0,,526.7141517
12/4/2018,260.895,264.6100918,264.6043043,1,0,503.8382832,0,,526.7141517
12/6/2018,260.4992,264.5671223,264.6020243,0,-1,0,131249.4697,,526.7141517
12/7/2018,254.4463,264.4971164,264.5708587,0,0,0,131249.4697,,526.7141517
12/10/2018,254.9289,264.4287841,264.5435313,0,0,0,131249.4697,,526.7141517
12/11/2018,254.9869,264.3465082,264.50817,0,0,0,131249.4697,,526.7141517
12/12/2018,256.2708,264.2782982,264.470933,0,0,0,131249.4697,,526.7141517
12/13/2018,256.1839,264.2223409,264.4372543,0,0,0,131249.4697,,526.7141517
12/14/2018,251.4536,264.1442759,264.3720713,0,0,0,131249.4697,,526.7141517
12/17/2018,246.5205,264.0451736,264.2873874,0,0,0,131249.4697,,526.7141517
12/18/2018,246.2501,263.9713941,264.1962657,0,0,0,131249.4697,,526.7141517
12/19/2018,242.5624,263.9307509,264.0796643,0,0,0,131249.4697,,526.7141517
12/20/2018,238.614,263.8496368,263.94341,0,0,0,131249.4697,,526.7141517
12/21/2018,233.7536,263.7527536,263.7864796,0,0,0,131249.4697,,526.7141517
12/24/2018,227.5772,263.6712836,263.6021978,1,1,576.7250397,0,,526.7141517
12/26/2018,239.0755,263.6253159,263.4543191,1,0,576.7250397,0,,526.7141517
12/27/2018,240.9109,263.5710582,263.3222926,1,0,576.7250397,0,,526.7141517
12/28/2018,240.6002,263.5125295,263.201013,1,0,576.7250397,0,,526.7141517
12/31/2018,242.7076,263.44803,263.0883161,1,0,576.7250397,0,,526.7141517
1/2/2019,242.9601,263.3697782,262.9780426,1,0,576.7250397,0,,526.7141517
1/3/2019,237.1623,263.2648264,262.8679587,1,0,576.7250397,0,,526.7141517
1/4/2019,245.1063,263.2033905,262.840143,1,0,576.7250397,0,,526.7141517
1/7/2019,247.0388,263.1565859,262.7991852,1,0,576.7250397,0,,526.7141517
1/8/2019,249.3599,263.1188159,262.7743678,1,0,576.7250397,0,,526.7141517
1/9/2019,250.5252,263.0676741,262.7962139,1,0,576.7250397,0,,526.7141517
1/10/2019,251.409,263.0067323,262.8058687,1,0,576.7250397,0,,526.7141517
1/11/2019,251.5061,262.9612618,262.8000361,1,0,576.7250397,0,,526.7141517
1/14/2019,249.9717,262.9208582,262.7847978,1,0,576.7250397,0,,526.7141517
1/15/2019,252.8366,262.9105864,262.7671417,1,0,576.7250397,0,,526.7141517
1/16/2019,253.4484,262.8971177,262.7378935,1,0,576.7250397,0,,526.7141517
1/17/2019,255.3712,262.8789182,262.7166739,1,0,576.7250397,0,,526.7141517
1/18/2019,258.7702,262.87318,262.7173174,1,0,576.7250397,0,,526.7141517
1/22/2019,255.2741,262.8519836,262.7083535,1,0,576.7250397,0,,526.7141517
1/23/2019,255.8082,262.8274977,262.7002617,1,0,576.7250397,0,,526.7141517
1/24/2019,255.9442,262.7829686,262.6749043,1,0,576.7250397,0,,526.7141517
1/25/2019,258.1099,262.7498,262.6457465,1,0,576.7250397,0,,526.7141517
1/28/2019,256.1481,262.7155105,262.6224357,1,0,576.7250397,0,,526.7141517
1/29/2019,255.8082,262.6858268,262.6091648,1,0,576.7250397,0,,526.7141517
1/30/2019,259.8579,262.67585,262.629867,1,0,576.7250397,0,,526.7141517
1/31/2019,262.1401,262.6749614,262.6547739,1,0,576.7250397,0,,526.7141517
2/1/2019,262.2663,262.6907805,262.6673443,1,0,576.7250397,0,,526.7141517
2/4/2019,264.1115,262.7129864,262.6850787,1,0,576.7250397,0,,526.7141517
2/5/2019,265.2186,262.7424859,262.7080409,1,0,576.7250397,0,,526.7141517
2/6/2019,264.869,262.7997941,262.7240143,1,0,576.7250397,0,,526.7141517
2/7/2019,262.344,262.870065,262.7092465,1,0,576.7250397,0,,526.7141517
2/8/2019,262.6645,262.9110905,262.6973226,1,0,576.7250397,0,,526.7141517
2/11/2019,262.8102,262.9723914,262.6934896,1,0,576.7250397,0,,526.7141517
2/12/2019,266.1897,263.0524023,262.7102335,1,0,576.7250397,0,,526.7141517
2/13/2019,267.0541,263.1219041,262.7319783,1,0,576.7250397,0,,526.7141517
2/14/2019,266.4617,263.2134141,262.7499178,1,0,576.7250397,0,,526.7141517
2/15/2019,269.3654,263.3037718,262.7959148,1,0,576.7250397,0,,526.7141517
2/19/2019,269.8315,263.384115,262.8420248,1,0,576.7250397,0,,526.7141517
2/20/2019,270.3754,263.457885,262.8926626,1,0,576.7250397,0,,526.7141517
2/21/2019,269.4139,263.5530295,262.9672396,1,0,576.7250397,0,,526.7141517
2/22/2019,271.0843,263.6502005,263.0724565,1,0,576.7250397,0,,526.7141517
2/25/2019,271.4533,263.7310009,263.1499104,1,0,576.7250397,0,,526.7141517
2/26/2019,271.2591,263.8169636,263.2452804,1,0,576.7250397,0,,526.7141517
2/27/2019,271.1426,263.89296,263.343347,1,0,576.7250397,0,,526.7141517
2/28/2019,270.6376,263.9700527,263.4254074,1,0,576.7250397,0,,526.7141517
3/1/2019,272.3274,264.0453464,263.5384417,1,0,576.7250397,0,,526.7141517
3/4/2019,271.3368,264.1036995,263.6334422,1,0,576.7250397,0,,526.7141517
3/5/2019,270.9678,264.1595059,263.7152326,1,0,576.7250397,0,,526.7141517
3/6/2019,269.3265,264.214375,263.7812348,1,0,576.7250397,0,,526.7141517
3/7/2019,267.0735,264.2689182,263.862067,1,0,576.7250397,0,,526.7141517
3/8/2019,266.5394,264.3212077,263.9352526,1,0,576.7250397,0,,526.7141517
3/11/2019,270.4045,264.4066782,264.00798,1,0,576.7250397,0,,526.7141517
3/12/2019,271.4242,264.4939568,264.090923,1,0,576.7250397,0,,526.7141517
3/13/2019,273.2208,264.5777468,264.1726509,1,0,576.7250397,0,,526.7141517
3/14/2019,273.046,264.6596555,264.256863,1,0,576.7250397,0,,526.7141517
3/15/2019,274.3892,264.7565845,264.3378474,1,0,576.7250397,0,,526.7141517
3/18/2019,275.3841,264.8559918,264.4112604,1,0,576.7250397,0,,526.7141517
3/19/2019,275.4524,264.9634505,264.4841387,1,0,576.7250397,0,,526.7141517
3/20/2019,274.6233,265.0696627,264.5596517,1,0,576.7250397,0,,526.7141517
3/21/2019,277.725,265.1751877,264.6581343,1,0,576.7250397,0,,526.7141517
3/22/2019,272.3799,265.2525027,264.7335439,1,0,576.7250397,0,,526.7141517
3/25/2019,272.175,265.3288864,264.8229961,1,0,576.7250397,0,,526.7141517
3/26/2019,274.2039,265.4032727,264.9185657,1,0,576.7250397,0,,526.7141517
3/27/2019,272.77,265.4601823,264.9967526,1,0,576.7250397,0,,526.7141517
3/28/2019,273.8039,265.5181818,265.0783952,1,0,576.7250397,0,,526.7141517
3/29/2019,275.5304,265.5834636,265.1760717,1,0,576.7250397,0,,526.7141517
4/1/2019,278.798,265.6717741,265.286,1,0,576.7250397,0,,526.7141517
4/2/2019,278.9345,265.7557473,265.4039261,1,0,576.7250397,0,,526.7141517
4/3/2019,279.3735,265.8427164,265.5261735,1,0,576.7250397,0,,526.7141517
4/4/2019,280.1148,265.9360123,265.6375009,1,0,576.7250397,0,,526.7141517
4/5/2019,281.4706,266.0265991,265.7509791,1,0,576.7250397,0,,526.7141517
4/8/2019,281.6852,266.1214664,265.8653904,1,0,576.7250397,0,,526.7141517
4/9/2019,280.2416,266.2065105,265.9627935,1,0,576.7250397,0,,526.7141517
4/10/2019,281.1975,266.298335,266.05387,1,0,576.7250397,0,,526.7141517
4/11/2019,281.1194,266.3926309,266.1411543,1,0,576.7250397,0,,526.7141517
4/12/2019,283.0215,266.5091845,266.2361678,1,0,576.7250397,0,,526.7141517
4/15/2019,282.8361,266.6092832,266.3381957,1,0,576.7250397,0,,526.7141517
4/16/2019,283.0215,266.7174873,266.4362874,1,0,576.7250397,0,,526.7141517
4/17/2019,282.3289,266.8109755,266.5323248,1,0,576.7250397,0,,526.7141517
4/18/2019,282.8849,266.9013373,266.6336083,1,0,576.7250397,0,,526.7141517
4/22/2019,283.1288,266.9919382,266.7274661,1,0,576.7250397,0,,526.7141517
4/23/2019,285.6745,267.0841082,266.8355535,1,0,576.7250397,0,,526.7141517
4/24/2019,285.0405,267.1735268,266.9377648,1,0,576.7250397,0,,526.7141517
4/25/2019,284.865,267.2585818,267.0415426,1,0,576.7250397,0,,526.7141517
4/26/2019,286.1915,267.3480573,267.1537913,1,0,576.7250397,0,,526.7141517
4/29/2019,286.6402,267.4380068,267.2810109,1,0,576.7250397,0,,526.7141517
4/30/2019,286.7865,267.5324918,267.393933,1,0,576.7250397,0,,526.7141517
5/1/2019,284.6309,267.6141341,267.50443,1,0,576.7250397,0,,526.7141517
5/2/2019,284.0164,267.6945245,267.6011904,1,0,576.7250397,0,,526.7141517
5/3/2019,286.7962,267.7900405,267.7046291,1,0,576.7250397,0,,526.7141517
5/6/2019,285.616,267.8848223,267.8021048,1,0,576.7250397,0,,526.7141517
5/7/2019,280.8463,267.9558705,267.8692752,1,0,576.7250397,0,,526.7141517
5/8/2019,280.4562,268.0327027,267.9348743,1,0,576.7250397,0,,526.7141517
5/9/2019,279.6076,268.1034936,267.993373,1,0,576.7250397,0,,526.7141517
5/10/2019,281.0121,268.1970059,268.0564391,1,0,576.7250397,0,,526.7141517
5/13/2019,273.9503,268.2557982,268.0873043,1,0,576.7250397,0,,526.7141517
5/14/2019,276.4278,268.3356805,268.1326435,1,0,576.7250397,0,,526.7141517
5/15/2019,278.0469,268.416195,268.18211,1,0,576.7250397,0,,526.7141517
5/16/2019,280.622,268.5067109,268.244247,1,0,576.7250397,0,,526.7141517
5/17/2019,278.8077,268.5864464,268.3008774,1,0,576.7250397,0,,526.7141517
5/20/2019,276.9642,268.6619959,268.3539217,1,0,576.7250397,0,,526.7141517
5/21/2019,279.4613,268.7392423,268.4158591,1,0,576.7250397,0,,526.7141517
5/22/2019,278.6029,268.8024959,268.481293,1,0,576.7250397,0,,526.7141517
5/23/2019,275.1988,268.8394427,268.5298374,1,0,576.7250397,0,,526.7141517
5/24/2019,275.823,268.8748586,268.5967226,1,0,576.7250397,0,,526.7141517
5/28/2019,273.2577,268.9075255,268.6499474,1,0,576.7250397,0,,526.7141517
5/29/2019,271.424,268.9208927,268.7046009,1,0,576.7250397,0,,526.7141517
5/30/2019,272.1653,268.9366686,268.7560426,1,0,576.7250397,0,,526.7141517
5/31/2019,268.4978,268.9368659,268.7899091,1,0,576.7250397,0,,526.7141517
6/3/2019,267.815,268.9290236,268.8183835,1,0,576.7250397,0,,526.7141517
6/4/2019,273.6284,268.9450286,268.8761448,1,0,576.7250397,0,,526.7141517
6/5/2019,275.9986,268.9764377,268.9349774,1,0,576.7250397,0,,526.7141517
6/6/2019,277.7933,269.0174023,268.9919609,1,0,576.7250397,0,,526.7141517
6/7/2019,280.5732,269.0687309,269.0506683,1,0,576.7250397,0,,526.7141517
6/10/2019,281.8607,269.1197527,269.1107952,1,0,576.7250397,0,,526.7141517
6/11/2019,281.7925,269.1599805,269.1791496,0,-1,0,162516.7907,,526.7141517
6/12/2019,281.295,269.2008736,269.234853,0,0,0,162516.7907,,526.7141517
6/13/2019,282.4557,269.25543,269.2946839,0,0,0,162516.7907,,526.7141517
6/14/2019,282.1436,269.3149891,269.3542022,0,0,0,162516.7907,,526.7141517
6/17/2019,282.2509,269.3690077,269.4094657,0,0,0,162516.7907,,526.7141517
6/18/2019,285.2063,269.4385132,269.4751135,0,0,0,162516.7907,,526.7141517
6/19/2019,285.8501,269.5042614,269.5479896,0,0,0,162516.7907,,526.7141517
6/20/2019,288.5812,269.5771377,269.634077,0,0,0,162516.7907,,526.7141517
6/21/2019,288.1634,269.6435723,269.7161748,0,0,0,162516.7907,,526.7141517
6/24/2019,287.8105,269.7042964,269.790847,0,0,0,162516.7907,,526.7141517
6/25/2019,284.9877,269.7527136,269.8432178,0,0,0,162516.7907,,526.7141517
6/26/2019,284.7034,269.8015423,269.8971522,0,0,0,162516.7907,,526.7141517
6/27/2019,285.713,269.8633036,269.9634987,0,0,0,162516.7907,,526.7141517
6/28/2019,287.1832,269.9363782,270.0423796,0,0,0,162516.7907,,526.7141517
7/1/2019,289.7904,270.0134405,270.12683,0,0,0,162516.7907,,526.7141517
7/2/2019,290.5451,270.1031941,270.2165257,0,0,0,162516.7907,,526.7141517
7/3/2019,292.8681,270.1935473,270.3099283,0,0,0,162516.7907,,526.7141517
7/5/2019,292.5348,270.2780168,270.3968257,0,0,0,162516.7907,,526.7141517
7/8/2019,290.9274,270.3525155,270.4723891,0,0,0,162516.7907,,526.7141517
7/9/2019,291.29,270.4257355,270.5456013,0,0,0,162516.7907,,526.7141517
7/10/2019,292.6818,270.5060245,270.6253661,0,0,0,162516.7907,,526.7141517
7/11/2019,293.3679,270.5910923,270.7097435,0,0,0,162516.7907,,526.7141517
7/12/2019,294.6813,270.6746164,270.8078122,0,0,0,162516.7907,,526.7141517
7/15/2019,294.7794,270.7486705,270.9107365,0,0,0,162516.7907,,526.7141517
7/16/2019,293.76,270.8174791,271.0017074,0,0,0,162516.7907,,526.7141517
7/17/2019,291.8291,270.8706964,271.0931413,0,0,0,162516.7907,,526.7141517
7/18/2019,292.8975,270.9339245,271.1796939,0,0,0,162516.7907,,526.7141517
7/19/2019,291.2704,270.9897132,271.2549935,0,0,0,162516.7907,,526.7141517
7/22/2019,291.9859,271.0509382,271.3308552,0,0,0,162516.7907,,526.7141517
7/23/2019,294.0737,271.1250605,271.4129948,0,0,0,162516.7907,,526.7141517
7/24/2019,295.4557,271.209265,271.5018535,0,0,0,162516.7907,,526.7141517
7/25/2019,294.0443,271.2895005,271.5861635,0,0,0,162516.7907,,526.7141517
7/26/2019,296.0143,271.3765064,271.6718517,0,0,0,162516.7907,,526.7141517
7/29/2019,295.4753,271.4569123,271.7457117,0,0,0,162516.7907,,526.7141517
7/30/2019,294.75,271.5337155,271.815833,0,0,0,162516.7907,,526.7141517
7/31/2019,291.5253,271.5883914,271.8654157,0,0,0,162516.7907,,526.7141517
8/1/2019,288.9867,271.6313095,271.9088913,0,0,0,162516.7907,,526.7141517
8/2/2019,286.8108,271.6710645,271.9428648,0,0,0,162516.7907,,526.7141517
8/5/2019,278.1855,271.6647555,271.9414261,0,0,0,162516.7907,,526.7141517
8/6/2019,282.0865,271.6748241,271.9602074,0,0,0,162516.7907,,526.7141517
8/7/2019,282.2531,271.6753409,271.9833483,0,0,0,162516.7907,,526.7141517
8/8/2019,287.7909,271.7021973,272.0329065,0,0,0,162516.7907,,526.7141517
8/9/2019,285.8306,271.7244,272.0718526,0,0,0,162516.7907,,526.7141517
8/12/2019,282.3511,271.7319714,272.0917009,0,0,0,162516.7907,,526.7141517
8/13/2019,286.7422,271.76332,272.1303483,0,0,0,162516.7907,,526.7141517
8/14/2019,278.2639,271.7525764,272.1249887,0,0,0,162516.7907,,526.7141517
8/15/2019,278.999,271.7450427,272.1226161,0,0,0,162516.7907,,526.7141517
8/16/2019,283.1156,271.7517886,272.1445765,0,0,0,162516.7907,,526.7141517
8/19/2019,286.5265,271.7747845,272.174807,0,0,0,162516.7907,,526.7141517
8/20/2019,284.331,271.7870991,272.1941965,0,0,0,162516.7907,,526.7141517
8/21/2019,286.6441,271.8199327,272.2137822,0,0,0,162516.7907,,526.7141517
8/22/2019,286.5559,271.8594741,272.2341013,0,0,0,162516.7907,,526.7141517
8/23/2019,279.195,271.8655568,272.2264883,0,0,0,162516.7907,,526.7141517
8/26/2019,282.2825,271.8875164,272.2334322,0,0,0,162516.7907,,526.7141517
8/27/2019,281.1749,271.9443732,272.2392122,0,0,0,162516.7907,,526.7141517
8/28/2019,283.1548,272.0371286,272.2502004,0,0,0,162516.7907,,526.7141517
8/29/2019,286.7716,272.1297373,272.2767883,0,0,0,162516.7907,,526.7141517
8/30/2019,286.6468,272.22858,272.2985939,0,0,0,162516.7907,,526.7141517
9/3/2019,284.9779,272.2935082,272.313857,0,0,0,162516.7907,,526.7141517
9/4/2019,288.134,272.3725632,272.3421709,1,1,564.0319808,0,,526.7141517
9/5/2019,291.8389,272.4862305,272.396163,1,0,564.0319808,0,,526.7141517
9/6/2019,292.133,272.6018927,272.4582335,1,0,564.0319808,0,,526.7141517
9/9/2019,292.28,272.7236645,272.520943,1,0,564.0319808,0,,526.7141517
9/10/2019,292.2114,272.8512677,272.585117,1,0,564.0319808,0,,526.7141517
9/11/2019,294.2893,273.0246932,272.6965209,1,0,564.0319808,0,,526.7141517
9/12/2019,295.3086,273.1818645,272.8380861,1,0,564.0319808,0,,526.7141517
9/13/2019,295.1126,273.3589886,272.9629335,1,0,564.0319808,0,,526.7141517
9/16/2019,294.2011,273.53842,273.0903235,1,0,564.0319808,0,,526.7141517
9/17/2019,294.946,273.7040795,273.1957683,1,0,564.0319808,0,,526.7141517
9/18/2019,295.1224,273.8579909,273.3017704,1,0,564.0319808,0,,526.7141517
9/19/2019,295.1028,273.9991755,273.4246865,1,0,564.0319808,0,,526.7141517
9/20/2019,293.7145,274.1411582,273.5421961,1,0,564.0319808,0,,526.7141517
9/23/2019,293.6456,274.2762459,273.6646109,1,0,564.0319808,0,,526.7141517
9/24/2019,291.3414,274.3932686,273.7828835,1,0,564.0319808,0,,526.7141517
9/25/2019,293.0646,274.4922777,273.9434439,1,0,564.0319808,0,,526.7141517
9/26/2019,292.4541,274.59075,274.0813709,1,0,564.0319808,0,,526.7141517
9/27/2019,290.8786,274.6940841,274.2323852,1,0,564.0319808,0,,526.7141517
9/30/2019,292.2277,274.826325,274.3954352,1,0,564.0319808,0,,526.7141517
10/1/2019,288.7517,274.9450036,274.5269604,1,0,564.0319808,0,,526.7141517
10/2/2019,283.651,275.0486591,274.6243043,1,0,564.0319808,0,,526.7141517
10/3/2019,285.9749,275.1505036,274.7196639,1,0,564.0319808,0,,526.7141517
10/4/2019,289.8447,275.2668223,274.8386483,1,0,564.0319808,0,,526.7141517
10/7/2019,288.5941,275.3977736,274.9458996,1,0,564.0319808,0,,526.7141517
10/8/2019,284.1138,275.5302127,275.02641,1,0,564.0319808,0,,526.7141517
10/9/2019,286.8118,275.6709659,275.0939283,1,0,564.0319808,0,,526.7141517
10/10/2019,288.7517,275.8283041,275.1720217,1,0,564.0319808,0,,526.7141517
10/11/2019,291.7452,275.9805995,275.2746309,1,0,564.0319808,0,,526.7141517
10/14/2019,291.4202,276.1274682,275.3976113,1,0,564.0319808,0,,526.7141517
10/15/2019,294.3054,276.2603332,275.5352765,1,0,564.0319808,0,,526.7141517
10/16/2019,293.8327,276.3936823,275.6786935,1,0,564.0319808,0,,526.7141517
10/17/2019,294.6992,276.5236418,275.8140417,1,0,564.0319808,0,,526.7141517
10/18/2019,293.4093,276.6317218,275.9408013,1,0,564.0319808,0,,526.7141517
10/21/2019,295.3984,276.7885555,276.095643,1,0,564.0319808,0,,526.7141517
10/22/2019,294.4334,276.9428018,276.2671917,1,0,564.0319808,0,,526.7141517
10/23/2019,295.2901,277.1284555,276.4386874,1,0,564.0319808,0,,526.7141517
10/24/2019,295.7726,277.3141086,276.6197104,1,0,564.0319808,0,,526.7141517
10/25/2019,296.9837,277.5050032,276.7881604,1,0,564.0319808,0,,526.7141517
10/28/2019,298.6577,277.6976709,276.9601109,1,0,564.0319808,0,,526.7141517
10/29/2019,298.5691,277.8903309,277.105737,1,0,564.0319808,0,,526.7141517
10/30/2019,299.4849,278.108655,277.257863,1,0,564.0319808,0,,526.7141517
10/31/2019,298.6873,278.3457768,277.3995117,1,0,564.0319808,0,,526.7141517
11/1/2019,301.4542,278.5967045,277.5378704,1,0,564.0319808,0,,526.7141517
11/4/2019,302.6654,278.8699,277.7194809,1,0,564.0319808,0,,526.7141517
11/5/2019,302.3306,279.1595209,277.9013565,1,0,564.0319808,0,,526.7141517
11/6/2019,302.3995,279.4715477,278.1098487,1,0,564.0319808,0,,526.7141517
11/7/2019,303.463,279.8164832,278.3208665,1,0,564.0319808,0,,526.7141517
11/8/2019,304.2114,280.1125555,278.5348861,1,0,564.0319808,0,,526.7141517
11/11/2019,303.6304,280.3976441,278.7407974,1,0,564.0319808,0,,526.7141517
11/12/2019,304.2705,280.6870545,278.9498696,1,0,564.0319808,0,,526.7141517
11/13/2019,304.3689,280.9673332,279.1799361,1,0,564.0319808,0,,526.7141517
11/14/2019,304.812,281.2484782,279.4333774,1,0,564.0319808,0,,526.7141517
11/15/2019,307.0178,281.5660032,279.6975848,1,0,564.0319808,0,,526.7141517
11/18/2019,307.2442,281.8484482,279.97881,1,0,564.0319808,0,,526.7141517
11/19/2019,307.1556,282.1217064,280.276817,1,0,564.0319808,0,,526.7141517
11/20/2019,306.0134,282.3792223,280.59099,1,0,564.0319808,0,,526.7141517
11/21/2019,305.521,282.6292032,280.9298761,1,0,564.0319808,0,,526.7141517
11/22/2019,306.2005,282.8782555,281.2217239,1,0,564.0319808,0,,526.7141517
11/25/2019,308.5736,283.1376532,281.5159096,1,0,564.0319808,0,,526.7141517
11/26/2019,309.2727,283.4072032,281.8144857,1,0,564.0319808,0,,526.7141517
11/27/2019,310.6513,283.6699973,282.109893,1,0,564.0319808,0,,526.7141517
11/29/2019,309.4992,283.9247736,282.3991935,1,0,564.0319808,0,,526.7141517
12/2/2019,306.8701,284.1588595,282.7022709,1,0,564.0319808,0,,526.7141517
12/3/2019,304.812,284.3681405,282.9618609,1,0,564.0319808,0,,526.7141517
12/4/2019,306.6928,284.6018618,283.2212261,1,0,564.0319808,0,,526.7141517
12/5/2019,307.2442,284.8356618,283.472897,1,0,564.0319808,0,,526.7141517
12/6/2019,310.0506,285.0816,283.731703,1,0,564.0319808,0,,526.7141517
12/9/2019,309.0758,285.3132632,283.9824283,1,0,564.0319808,0,,526.7141517
12/10/2019,308.7311,285.5522768,284.2312326,1,0,564.0319808,0,,526.7141517
12/11/2019,309.6075,285.7968191,284.4905187,1,0,564.0319808,0,,526.7141517
12/12/2019,312.276,286.0350832,284.7489509,1,0,564.0319808,0,,526.7141517
12/13/2019,312.4631,286.2638241,285.0055365,1,0,564.0319808,0,,526.7141517
12/16/2019,314.6098,286.5017491,285.2630957,1,0,564.0319808,0,,526.7141517
12/17/2019,314.6787,286.7316,285.5061761,1,0,564.0319808,0,,526.7141517
12/18/2019,314.6984,286.9565082,285.7645426,1,0,564.0319808,0,,526.7141517
12/19/2019,315.9883,287.1888686,286.0261952,1,0,564.0319808,0,,526.7141517
12/20/2019,317.3669,287.4389727,286.2932504,1,0,564.0319808,0,,526.7141517
12/23/2019,317.8518,287.6898241,286.5529978,1,0,564.0319808,0,,526.7141517
12/24/2019,317.8617,287.9400582,286.8213178,1,0,564.0319808,0,,526.7141517
12/26/2019,319.5537,288.1826218,287.0984722,1,0,564.0319808,0,,526.7141517
12/27/2019,319.4746,288.4208968,287.3576752,1,0,564.0319808,0,,526.7141517
12/30/2019,317.7132,288.6538582,287.5992974,1,0,564.0319808,0,,526.7141517
12/31/2019,318.4851,288.8771295,287.843727,1,0,564.0319808,0,,526.7141517
1/2/2020,321.4635,289.1118205,288.0930835,1,0,564.0319808,0,,526.7141517
1/3/2020,319.0293,289.3329745,288.327043,1,0,564.0319808,0,,526.7141517
1/6/2020,320.2464,289.5640314,288.5678143,1,0,564.0319808,0,,526.7141517
1/7/2020,319.3459,289.7834023,288.8156487,1,0,564.0319808,0,,526.7141517
1/8/2020,321.0479,290.0088323,289.0694896,1,0,564.0319808,0,,526.7141517
1/9/2020,323.2248,290.24504,289.3321617,1,0,564.0319808,0,,526.7141517
1/10/2020,322.2947,290.4775495,289.5760965,1,0,564.0319808,0,,526.7141517
1/13/2020,324.5112,290.7224295,289.82591,1,0,564.0319808,0,,526.7141517
1/14/2020,324.0164,290.9573795,290.0761478,1,0,564.0319808,0,,526.7141517
1/15/2020,324.7487,291.2001609,290.3169448,1,0,564.0319808,0,,526.7141517
1/16/2020,327.45,291.4568982,290.56746,1,0,564.0319808,0,,526.7141517
1/17/2020,328.4692,291.7257286,290.8200417,1,0,564.0319808,0,,526.7141517
1/21/2020,327.8261,292.0018768,291.0740078,1,0,564.0319808,0,,526.7141517
1/22/2020,327.8656,292.2806323,291.320883,1,0,564.0319808,0,,526.7141517
1/23/2020,328.2417,292.5435286,291.5677891,1,0,564.0319808,0,,526.7141517
1/24/2020,325.3226,292.7885214,291.8028478,1,0,564.0319808,0,,526.7141517
1/27/2020,320.1079,293.0016445,292.0157404,1,0,564.0319808,0,,526.7141517
1/28/2020,323.4623,293.2308095,292.245413,1,0,564.0319808,0,,526.7141517
1/29/2020,323.1951,293.4526545,292.466577,1,0,564.0319808,0,,526.7141517
1/30/2020,324.244,293.674745,292.6966083,1,0,564.0319808,0,,526.7141517
1/31/2020,318.3564,293.8697632,292.9026457,1,0,564.0319808,0,,526.7141517
2/3/2020,320.7214,294.0793,293.1261017,1,0,564.0319808,0,,526.7141517
2/4/2020,325.6096,294.2969573,293.3806065,1,0,564.0319808,0,,526.7141517
2/5/2020,329.3697,294.5560018,293.6537817,1,0,564.0319808,0,,526.7141517
2/6/2020,330.478,294.8210155,293.9149709,1,0,564.0319808,0,,526.7141517
2/7/2020,328.7166,295.0688005,294.1640683,1,0,564.0319808,0,,526.7141517
2/10/2020,331.1706,295.3342577,294.4160239,1,0,564.0319808,0,,526.7141517
2/11/2020,331.7445,295.5976241,294.6712348,1,0,564.0319808,0,,526.7141517
2/12/2020,333.8819,295.8628582,294.9298987,1,0,564.0319808,0,,526.7141517
2/13/2020,333.5257,296.1116205,295.1826883,1,0,564.0319808,0,,526.7141517
2/14/2020,334.06,296.3621909,295.4375039,1,0,564.0319808,0,,526.7141517
2/18/2020,333.1991,296.6068527,295.6921813,1,0,564.0319808,0,,526.7141517
2/19/2020,334.7922,296.8553864,295.9402996,1,0,564.0319808,0,,526.7141517
2/20/2020,333.4168,297.0915055,296.2056774,1,0,564.0319808,0,,526.7141517
2/21/2020,329.9832,297.3110418,296.4570174,1,0,564.0319808,0,,526.7141517
2/24/2020,319.0392,297.4873945,296.6519535,1,0,564.0319808,0,,526.7141517
2/25/2020,309.3716,297.6154586,296.8110909,1,0,564.0319808,0,,526.7141517
2/26/2020,308.2337,297.7387055,296.9607857,1,0,564.0319808,0,,526.7141517
2/27/2020,294.3904,297.7903823,297.0427857,1,0,564.0319808,0,,526.7141517
2/28/2020,293.1535,297.8372795,297.1052009,1,0,564.0319808,0,,526.7141517
3/2/2020,305.849,297.9410409,297.2222204,1,0,564.0319808,0,,526.7141517
3/3/2020,297.0918,298.008145,297.2992565,1,0,564.0319808,0,,526.7141517
3/4/2020,309.5794,298.1294836,297.4273635,1,0,564.0319808,0,,526.7141517
3/5/2020,299.2885,298.2029368,297.5048326,1,0,564.0319808,0,,526.7141517
3/6/2020,294.3409,298.2423295,297.5598574,1,0,564.0319808,0,,526.7141517
3/9/2020,271.3545,298.1801205,297.5212178,1,0,564.0319808,0,,526.7141517
3/10/2020,285.3957,298.1825327,297.5394709,1,0,564.0319808,0,,526.7141517
3/11/2020,271.4831,298.1156764,297.4975739,1,0,564.0319808,0,,526.7141517
3/12/2020,245.5084,297.9287136,297.3344735,1,0,564.0319808,0,,526.7141517
3/13/2020,266.496,297.8364841,297.2634296,1,0,564.0319808,0,,526.7141517
3/16/2020,237.335,297.6215027,297.0647926,1,0,564.0319808,0,,526.7141517
3/17/2020,250.1492,297.4675609,296.9248809,1,0,564.0319808,0,,526.7141517
3/18/2020,237.4834,297.2434118,296.727483,1,0,564.0319808,0,,526.7141517
3/19/2020,237.9881,297.0269214,296.5312191,1,0,564.0319808,0,,526.7141517
3/20/2020,227.7917,296.7857641,296.2795548,1,0,564.0319808,0,,526.7141517
3/23/2020,221.9675,296.5199064,296.0053243,1,0,564.0319808,0,,526.7141517
3/24/2020,242.0784,296.3493191,295.8192957,1,0,564.0319808,0,,526.7141517
3/25/2020,245.7024,296.1888205,295.6432561,1,0,564.0319808,0,,526.7141517
3/26/2020,260.0489,296.1256323,295.5276417,1,0,564.0319808,0,,526.7141517
3/27/2020,252.3032,296.015975,295.3777143,1,0,564.0319808,0,,526.7141517
3/30/2020,260.4969,295.9362023,295.2727839,1,0,564.0319808,0,,526.7141517
3/31/2020,256.6141,295.8270755,295.1536435,1,0,564.0319808,0,,526.7141517
4/1/2020,245.0652,295.6737005,294.9722043,1,0,564.0319808,0,,526.7141517
4/2/2020,250.7202,295.5544095,294.8204835,1,0,564.0319808,0,,526.7141517
4/3/2020,247.0962,295.4072955,294.6737439,1,0,564.0319808,0,,526.7141517
4/6/2020,263.6928,295.3395223,294.6008596,1,0,564.0319808,0,,526.7141517
4/7/2020,263.9616,295.2884441,294.5328335,1,0,564.0319808,0,,526.7141517
4/8/2020,272.8223,295.2748045,294.4972257,1,0,564.0319808,0,,526.7141517
4/9/2020,276.974,295.2916968,294.5103722,1,0,564.0319808,0,,526.7141517
4/13/2020,274.4452,295.3054295,294.5017522,1,0,564.0319808,0,,526.7141517
4/14/2020,282.5393,295.3525841,294.5212843,1,0,564.0319808,0,,526.7141517
4/15/2020,276.5359,295.3891209,294.5035187,1,0,564.0319808,0,,526.7141517
4/16/2020,277.87,295.4348255,294.4994417,1,0,564.0319808,0,,526.7141517
4/17/2020,285.3768,295.4882273,294.5360183,1,0,564.0319808,0,,526.7141517
4/20/2020,280.349,295.5080018,294.5398778,1,0,564.0319808,0,,526.7141517
4/21/2020,271.8367,295.4809264,294.5104596,1,0,564.0319808,0,,526.7141517
4/22/2020,277.87,295.4686391,294.5220735,1,0,564.0319808,0,,526.7141517
4/23/2020,277.8501,295.4504091,294.530887,1,0,564.0319808,0,,526.7141517
4/24/2020,281.7229,295.4500927,294.5676922,1,0,564.0319808,0,,526.7141517
4/27/2020,285.785,295.4705018,294.6301313,1,0,564.0319808,0,,526.7141517
4/28/2020,284.4708,295.4796614,294.6836335,1,0,564.0319808,0,,526.7141517
4/29/2020,291.9178,295.5240895,294.7854596,1,0,564.0319808,0,,526.7141517
4/30/2020,289.1999,295.5556759,294.8784374,1,0,564.0319808,0,,526.7141517
5/1/2020,281.5437,295.5390277,294.9128517,1,0,564.0319808,0,,526.7141517
5/4/2020,282.3203,295.5229832,294.9403374,1,0,564.0319808,0,,526.7141517
5/5/2020,284.9288,295.5063814,294.9713613,1,0,564.0319808,0,,526.7141517
5/6/2020,282.9973,295.4828991,294.9819009,1,0,564.0319808,0,,526.7141517
5/7/2020,286.4122,295.4765432,295.00169,1,0,564.0319808,0,,526.7141517
5/8/2020,291.1512,295.5045591,295.04238,1,0,564.0319808,0,,526.7141517
5/11/2020,291.2109,295.5341386,295.0854926,1,0,564.0319808,0,,526.7141517
5/12/2020,285.4066,295.5327459,295.0983226,1,0,564.0319808,0,,526.7141517
5/13/2020,280.359,295.5017268,295.0905635,1,0,564.0319808,0,,526.7141517
5/14/2020,283.7141,295.4741073,295.0969252,1,0,564.0319808,0,,526.7141517
5/15/2020,285.0184,295.4489859,295.0961083,1,0,564.0319808,0,,526.7141517
5/18/2020,293.6999,295.4527668,295.1302378,1,0,564.0319808,0,,526.7141517
5/19/2020,290.6833,295.4443509,295.1393774,1,0,564.0319808,0,,526.7141517
5/20/2020,295.6214,295.4656873,295.1718035,1,0,564.0319808,0,,526.7141517
5/21/2020,293.5805,295.4760986,295.1968904,1,0,564.0319808,0,,526.7141517
5/22/2020,294.138,295.4827177,295.2366743,1,0,564.0319808,0,,526.7141517
5/26/2020,297.762,295.5026909,295.2934509,1,0,564.0319808,0,,526.7141517
5/27/2020,302.1923,295.5368318,295.3651,1,0,564.0319808,0,,526.7141517
5/28/2020,301.6348,295.5679927,295.427933,1,0,564.0319808,0,,526.7141517
5/29/2020,302.9789,295.6098968,295.4852743,1,0,564.0319808,0,,526.7141517
6/1/2020,304.2034,295.6661436,295.5446583,1,0,564.0319808,0,,526.7141517
6/2/2020,306.7223,295.7289836,295.6048939,1,0,564.0319808,0,,526.7141517
6/3/2020,310.8042,295.8177736,295.6843261,1,0,564.0319808,0,,526.7141517
6/4/2020,309.9878,295.8996005,295.7671974,1,0,564.0319808,0,,526.7141517
6/5/2020,317.9327,296.0080505,295.8830352,1,0,564.0319808,0,,526.7141517
6/8/2020,321.7757,296.1276868,296.0095304,1,0,564.0319808,0,,526.7141517
6/9/2020,319.3763,296.2428323,296.1226104,1,0,564.0319808,0,,526.7141517
6/10/2020,317.5942,296.3409227,296.2222317,1,0,564.0319808,0,,526.7141517
6/11/2020,299.2852,296.3582405,296.2418222,1,0,564.0319808,0,,526.7141517
6/12/2020,302.8693,296.3951464,296.2814278,1,0,564.0319808,0,,526.7141517
6/15/2020,305.6968,296.4595623,296.3417222,1,0,564.0319808,0,,526.7141517
6/16/2020,311.5808,296.5622627,296.4229539,1,0,564.0319808,0,,526.7141517
6/17/2020,310.2865,296.6689705,296.5056326,1,0,564.0319808,0,,526.7141517
6/18/2020,310.406,296.8154273,296.58572,1,0,564.0319808,0,,526.7141517
6/19/2020,308.64,296.936125,296.6490517,1,0,564.0319808,0,,526.7141517
6/22/2020,310.62,297.0650655,296.7149835,1,0,564.0319808,0,,526.7141517
6/23/2020,312.05,297.1753341,296.7932691,1,0,564.0319808,0,,526.7141517
6/24/2020,304.09,297.2583314,296.8283809,1,0,564.0319808,0,,526.7141517
6/25/2020,307.35,297.3719627,296.88001,1,0,564.0319808,0,,526.7141517
6/26/2020,300.05,297.4324527,296.9030535,1,0,564.0319808,0,,526.7141517
,,,,,,,,,
,,,,,,169237.7958,,,158040.5812
